checkpoint,bot,game,surviving_kill,killed_by_bot,own_bomb,mutual,win,loss,bombs
exp04_control_s1_it750,bun.tactical_v2,0,0,0,0,0,0,0,15
exp04_control_s1_it750,bun.tactical_v2,1,0,0,1,0,0,1,18
exp04_control_s1_it750,bun.tactical_v2,2,0,0,0,0,0,0,16
exp04_control_s1_it750,bun.tactical_v2,3,0,0,0,0,0,0,14
exp04_control_s1_it750,bun.tactical_v2,4,0,0,0,0,0,0,11
exp04_control_s1_it750,bun.tactical_v2,5,0,0,0,0,0,0,17
exp04_control_s1_it750,bun.tactical_v2,6,0,0,1,0,0,1,18
exp04_control_s1_it750,bun.tactical_v2,7,0,0,0,0,0,0,12
exp04_control_s1_it750,bun.tactical_v2,8,0,0,0,0,0,0,16
exp04_control_s1_it750,bun.tactical_v2,9,0,0,0,0,0,0,12
exp04_control_s1_it750,bun.tactical_v2,10,1,0,0,0,1,0,11
exp04_control_s1_it750,bun.tactical_v2,11,0,0,0,0,0,0,6
exp04_control_s1_it750,bun.tactical_v2,12,0,0,1,0,0,1,49
exp04_control_s1_it750,bun.tactical_v2,13,0,0,0,0,0,0,13
exp04_control_s1_it750,bun.tactical_v2,14,0,0,0,0,0,0,11
exp04_control_s1_it750,bun.tactical_v2,15,0,0,1,0,0,1,19
exp04_control_s1_it750,bun.tactical_v2,16,0,0,0,0,0,0,10
exp04_control_s1_it750,bun.tactical_v2,17,0,0,0,0,0,0,13
exp04_control_s1_it750,bun.tactical_v2,18,1,0,0,0,1,0,15
exp04_control_s1_it750,bun.tactical_v2,19,0,0,0,0,0,0,12
exp04_control_s1_it750,bun.tactical_v2,20,0,0,0,0,0,0,16
exp04_control_s1_it750,bun.tactical_v2,21,0,0,0,0,0,0,11
exp04_control_s1_it750,bun.tactical_v2,22,0,0,0,0,0,0,13
exp04_control_s1_it750,bun.tactical_v2,23,0,0,0,0,0,0,13
exp04_control_s1_it750,bun.tactical_v2,24,0,0,0,0,0,0,11
exp04_control_s1_it750,bun.tactical_v2,25,0,0,0,0,0,0,10
exp04_control_s1_it750,bun.tactical_v2,26,0,0,0,0,0,0,17
exp04_control_s1_it750,bun.tactical_v2,27,0,0,0,0,0,0,12
exp04_control_s1_it750,bun.tactical_v2,28,0,0,0,0,0,0,10
exp04_control_s1_it750,bun.tactical_v2,29,0,0,1,0,0,1,30
exp04_control_s1_it750,bun.tactical_v2,30,1,1,0,0,0,0,34
exp04_control_s1_it750,bun.tactical_v2,31,0,0,1,0,0,1,19
exp04_control_s1_it750,bun.tactical_v2,32,0,0,0,0,0,0,6
exp04_control_s1_it750,bun.tactical_v2,33,1,0,0,0,1,0,15
exp04_control_s1_it750,bun.tactical_v2,34,0,0,0,0,0,0,5
exp04_control_s1_it750,bun.tactical_v2,35,1,0,0,0,1,0,10
exp04_control_s1_it750,bun.tactical_v2,36,0,0,0,0,0,0,6
exp04_control_s1_it750,bun.tactical_v2,37,1,0,0,0,1,0,16
exp04_control_s1_it750,bun.tactical_v2,38,0,0,0,0,0,0,15
exp04_control_s1_it750,bun.tactical_v2,39,1,0,0,0,1,0,13
exp04_control_s1_it750,bun.tactical_v2,40,0,0,0,0,0,0,9
exp04_control_s1_it750,bun.tactical_v2,41,0,1,0,0,0,1,13
exp04_control_s1_it750,bun.tactical_v2,42,0,0,1,0,0,1,12
exp04_control_s1_it750,bun.tactical_v2,43,0,0,0,0,0,0,12
exp04_control_s1_it750,bun.tactical_v2,44,1,0,0,0,1,0,8
exp04_control_s1_it750,bun.tactical_v2,45,0,0,0,0,0,0,13
exp04_control_s1_it750,bun.tactical_v2,46,0,0,1,0,0,1,19
exp04_control_s1_it750,bun.tactical_v2,47,0,0,0,0,0,0,15
exp04_control_s1_it750,bun.tactical_v2,48,0,0,0,0,0,0,16
exp04_control_s1_it750,bun.tactical_v2,49,0,0,0,0,0,0,7
exp04_control_s1_it750,bun.tactical_v2,50,1,0,0,0,1,0,15
exp04_control_s1_it750,bun.tactical_v2,51,0,0,1,0,0,1,16
exp04_control_s1_it750,bun.tactical_v2,52,0,0,0,0,0,0,6
exp04_control_s1_it750,bun.tactical_v2,53,0,0,0,0,0,0,12
exp04_control_s1_it750,bun.tactical_v2,54,1,0,0,0,1,0,16
exp04_control_s1_it750,bun.tactical_v2,55,1,0,0,0,1,0,10
exp04_control_s1_it750,bun.tactical_v2,56,0,1,0,0,0,1,12
exp04_control_s1_it750,bun.tactical_v2,57,0,1,0,0,0,1,7
exp04_control_s1_it750,bun.tactical_v2,58,1,0,0,0,1,0,13
exp04_control_s1_it750,bun.tactical_v2,59,0,0,0,0,0,0,10
exp04_control_s1_it750,bun.tactical_v2,60,0,0,0,0,0,0,10
exp04_control_s1_it750,bun.tactical_v2,61,0,0,0,1,0,1,30
exp04_control_s1_it750,bun.tactical_v2,62,0,0,0,0,0,0,13
exp04_control_s1_it750,bun.tactical_v2,63,0,0,0,0,0,0,15
exp04_control_s1_it750,bun.hunter@hard,0,0,0,0,0,0,0,15
exp04_control_s1_it750,bun.hunter@hard,1,0,1,0,0,0,1,10
exp04_control_s1_it750,bun.hunter@hard,2,0,0,0,0,0,0,7
exp04_control_s1_it750,bun.hunter@hard,3,0,0,0,0,0,0,12
exp04_control_s1_it750,bun.hunter@hard,4,0,0,0,0,0,0,15
exp04_control_s1_it750,bun.hunter@hard,5,0,0,0,0,0,0,15
exp04_control_s1_it750,bun.hunter@hard,6,0,1,0,0,0,1,10
exp04_control_s1_it750,bun.hunter@hard,7,0,0,1,0,0,1,12
exp04_control_s1_it750,bun.hunter@hard,8,0,0,0,0,0,0,13
exp04_control_s1_it750,bun.hunter@hard,9,0,0,1,0,0,1,10
exp04_control_s1_it750,bun.hunter@hard,10,0,0,0,0,0,0,14
exp04_control_s1_it750,bun.hunter@hard,11,0,0,0,0,0,0,16
exp04_control_s1_it750,bun.hunter@hard,12,0,0,0,0,0,0,14
exp04_control_s1_it750,bun.hunter@hard,13,0,0,0,0,0,0,15
exp04_control_s1_it750,bun.hunter@hard,14,0,0,0,0,0,0,6
exp04_control_s1_it750,bun.hunter@hard,15,0,0,0,0,0,0,14
exp04_control_s1_it750,bun.hunter@hard,16,0,1,0,0,0,1,4
exp04_control_s1_it750,bun.hunter@hard,17,0,0,0,0,0,0,7
exp04_control_s1_it750,bun.hunter@hard,18,0,0,0,0,0,0,11
exp04_control_s1_it750,bun.hunter@hard,19,0,0,1,0,0,1,14
exp04_control_s1_it750,bun.hunter@hard,20,0,0,0,0,0,0,15
exp04_control_s1_it750,bun.hunter@hard,21,0,0,0,0,0,0,13
exp04_control_s1_it750,bun.hunter@hard,22,0,0,0,0,0,0,14
exp04_control_s1_it750,bun.hunter@hard,23,0,1,0,0,0,1,3
exp04_control_s1_it750,bun.hunter@hard,24,0,0,0,0,0,0,16
exp04_control_s1_it750,bun.hunter@hard,25,0,0,0,0,0,0,9
exp04_control_s1_it750,bun.hunter@hard,26,0,0,0,0,0,0,15
exp04_control_s1_it750,bun.hunter@hard,27,0,0,1,0,0,1,10
exp04_control_s1_it750,bun.hunter@hard,28,0,0,1,0,0,1,12
exp04_control_s1_it750,bun.hunter@hard,29,0,0,1,0,0,1,10
exp04_control_s1_it750,bun.hunter@hard,30,0,0,0,0,0,0,17
exp04_control_s1_it750,bun.hunter@hard,31,0,0,0,0,0,0,14
exp04_control_s1_it750,bun.hunter@hard,32,0,0,0,0,0,0,15
exp04_control_s1_it750,bun.hunter@hard,33,0,0,0,0,0,0,16
exp04_control_s1_it750,bun.hunter@hard,34,0,0,0,0,0,0,15
exp04_control_s1_it750,bun.hunter@hard,35,0,0,0,0,0,0,14
exp04_control_s1_it750,bun.hunter@hard,36,0,0,0,0,0,0,16
exp04_control_s1_it750,bun.hunter@hard,37,0,0,1,0,0,1,13
exp04_control_s1_it750,bun.hunter@hard,38,0,0,0,0,0,0,8
exp04_control_s1_it750,bun.hunter@hard,39,0,0,0,0,0,0,10
exp04_control_s1_it750,bun.hunter@hard,40,0,0,0,0,0,0,14
exp04_control_s1_it750,bun.hunter@hard,41,0,0,0,0,0,0,7
exp04_control_s1_it750,bun.hunter@hard,42,0,0,0,0,0,0,17
exp04_control_s1_it750,bun.hunter@hard,43,0,0,1,0,0,1,12
exp04_control_s1_it750,bun.hunter@hard,44,0,0,0,0,0,0,14
exp04_control_s1_it750,bun.hunter@hard,45,0,0,0,0,0,0,15
exp04_control_s1_it750,bun.hunter@hard,46,0,0,0,0,0,0,14
exp04_control_s1_it750,bun.hunter@hard,47,0,0,0,0,0,0,15
exp04_control_s1_it750,bun.hunter@hard,48,0,0,1,0,0,1,11
exp04_control_s1_it750,bun.hunter@hard,49,0,0,0,0,0,0,15
exp04_control_s1_it750,bun.hunter@hard,50,0,0,0,0,0,0,3
exp04_control_s1_it750,bun.hunter@hard,51,0,0,0,0,0,0,16
exp04_control_s1_it750,bun.hunter@hard,52,0,0,1,0,0,1,8
exp04_control_s1_it750,bun.hunter@hard,53,0,0,1,0,0,1,5
exp04_control_s1_it750,bun.hunter@hard,54,0,0,0,0,0,0,13
exp04_control_s1_it750,bun.hunter@hard,55,0,0,0,0,0,0,5
exp04_control_s1_it750,bun.hunter@hard,56,0,0,0,0,0,0,15
exp04_control_s1_it750,bun.hunter@hard,57,0,1,0,0,0,1,12
exp04_control_s1_it750,bun.hunter@hard,58,0,1,0,0,0,1,12
exp04_control_s1_it750,bun.hunter@hard,59,0,0,0,0,0,0,7
exp04_control_s1_it750,bun.hunter@hard,60,0,1,0,0,0,1,4
exp04_control_s1_it750,bun.hunter@hard,61,0,0,1,0,0,1,12
exp04_control_s1_it750,bun.hunter@hard,62,0,0,0,0,0,0,15
exp04_control_s1_it750,bun.hunter@hard,63,0,0,0,0,0,0,8
exp04_control_s1_it750,bun.hunter@normal,0,0,0,0,0,0,0,15
exp04_control_s1_it750,bun.hunter@normal,1,0,0,0,0,0,0,16
exp04_control_s1_it750,bun.hunter@normal,2,0,0,0,0,0,0,6
exp04_control_s1_it750,bun.hunter@normal,3,0,0,0,0,0,0,7
exp04_control_s1_it750,bun.hunter@normal,4,0,0,0,0,0,0,8
exp04_control_s1_it750,bun.hunter@normal,5,0,0,0,0,0,0,13
exp04_control_s1_it750,bun.hunter@normal,6,0,0,0,0,0,0,16
exp04_control_s1_it750,bun.hunter@normal,7,0,0,0,0,0,0,13
exp04_control_s1_it750,bun.hunter@normal,8,0,0,0,0,0,0,15
exp04_control_s1_it750,bun.hunter@normal,9,0,0,0,0,0,0,11
exp04_control_s1_it750,bun.hunter@normal,10,0,0,0,0,0,0,13
exp04_control_s1_it750,bun.hunter@normal,11,0,0,1,0,0,1,15
exp04_control_s1_it750,bun.hunter@normal,12,0,1,0,0,0,1,10
exp04_control_s1_it750,bun.hunter@normal,13,0,0,0,0,0,0,10
exp04_control_s1_it750,bun.hunter@normal,14,0,0,0,0,0,0,17
exp04_control_s1_it750,bun.hunter@normal,15,0,1,0,0,0,1,13
exp04_control_s1_it750,bun.hunter@normal,16,0,0,0,0,0,0,12
exp04_control_s1_it750,bun.hunter@normal,17,0,0,0,0,0,0,16
exp04_control_s1_it750,bun.hunter@normal,18,0,0,0,0,0,0,3
exp04_control_s1_it750,bun.hunter@normal,19,0,0,0,0,0,0,15
exp04_control_s1_it750,bun.hunter@normal,20,0,1,0,0,0,1,10
exp04_control_s1_it750,bun.hunter@normal,21,0,0,1,0,0,1,11
exp04_control_s1_it750,bun.hunter@normal,22,0,1,0,0,0,1,9
exp04_control_s1_it750,bun.hunter@normal,23,0,0,1,0,0,1,5
exp04_control_s1_it750,bun.hunter@normal,24,0,0,0,0,0,0,6
exp04_control_s1_it750,bun.hunter@normal,25,0,0,0,0,0,0,8
exp04_control_s1_it750,bun.hunter@normal,26,0,0,1,0,0,1,9
exp04_control_s1_it750,bun.hunter@normal,27,0,0,0,0,0,0,10
exp04_control_s1_it750,bun.hunter@normal,28,0,0,0,0,0,0,3
exp04_control_s1_it750,bun.hunter@normal,29,0,0,1,0,0,1,13
exp04_control_s1_it750,bun.hunter@normal,30,0,0,0,0,0,0,17
exp04_control_s1_it750,bun.hunter@normal,31,0,0,0,0,0,0,14
exp04_control_s1_it750,bun.hunter@normal,32,0,1,0,0,0,1,10
exp04_control_s1_it750,bun.hunter@normal,33,0,0,0,0,0,0,13
exp04_control_s1_it750,bun.hunter@normal,34,0,0,0,0,0,0,14
exp04_control_s1_it750,bun.hunter@normal,35,0,1,0,0,0,1,5
exp04_control_s1_it750,bun.hunter@normal,36,0,0,1,0,0,1,15
exp04_control_s1_it750,bun.hunter@normal,37,0,0,0,0,0,0,5
exp04_control_s1_it750,bun.hunter@normal,38,0,0,0,0,0,0,6
exp04_control_s1_it750,bun.hunter@normal,39,0,0,0,0,0,0,13
exp04_control_s1_it750,bun.hunter@normal,40,0,0,1,0,0,1,8
exp04_control_s1_it750,bun.hunter@normal,41,0,0,1,0,0,1,2
exp04_control_s1_it750,bun.hunter@normal,42,0,0,1,0,0,1,7
exp04_control_s1_it750,bun.hunter@normal,43,0,0,0,0,0,0,9
exp04_control_s1_it750,bun.hunter@normal,44,0,0,1,0,0,1,8
exp04_control_s1_it750,bun.hunter@normal,45,0,0,0,0,0,0,15
exp04_control_s1_it750,bun.hunter@normal,46,0,0,0,0,0,0,12
exp04_control_s1_it750,bun.hunter@normal,47,0,0,0,0,0,0,13
exp04_control_s1_it750,bun.hunter@normal,48,0,0,0,0,0,0,11
exp04_control_s1_it750,bun.hunter@normal,49,0,0,0,0,0,0,13
exp04_control_s1_it750,bun.hunter@normal,50,0,0,0,0,0,0,5
exp04_control_s1_it750,bun.hunter@normal,51,0,0,0,0,0,0,12
exp04_control_s1_it750,bun.hunter@normal,52,0,0,0,0,0,0,12
exp04_control_s1_it750,bun.hunter@normal,53,0,0,0,0,0,0,8
exp04_control_s1_it750,bun.hunter@normal,54,0,0,0,0,0,0,14
exp04_control_s1_it750,bun.hunter@normal,55,0,0,0,0,0,0,3
exp04_control_s1_it750,bun.hunter@normal,56,0,0,0,0,0,0,7
exp04_control_s1_it750,bun.hunter@normal,57,0,0,1,0,0,1,12
exp04_control_s1_it750,bun.hunter@normal,58,0,1,0,0,0,1,9
exp04_control_s1_it750,bun.hunter@normal,59,0,0,1,0,0,1,6
exp04_control_s1_it750,bun.hunter@normal,60,0,0,1,0,0,1,10
exp04_control_s1_it750,bun.hunter@normal,61,0,0,0,0,0,0,10
exp04_control_s1_it750,bun.hunter@normal,62,0,0,1,0,0,1,14
exp04_control_s1_it750,bun.hunter@normal,63,0,0,0,0,0,0,11
exp04_control_s1_it750,bun.hunter@easy,0,1,0,0,0,1,0,16
exp04_control_s1_it750,bun.hunter@easy,1,0,1,0,0,0,1,10
exp04_control_s1_it750,bun.hunter@easy,2,0,0,0,0,0,0,17
exp04_control_s1_it750,bun.hunter@easy,3,0,0,0,0,0,0,16
exp04_control_s1_it750,bun.hunter@easy,4,0,0,1,0,0,1,14
exp04_control_s1_it750,bun.hunter@easy,5,0,0,0,0,0,0,15
exp04_control_s1_it750,bun.hunter@easy,6,0,0,1,0,0,1,12
exp04_control_s1_it750,bun.hunter@easy,7,0,0,0,0,0,0,12
exp04_control_s1_it750,bun.hunter@easy,8,0,0,0,0,0,0,16
exp04_control_s1_it750,bun.hunter@easy,9,0,0,1,0,0,1,9
exp04_control_s1_it750,bun.hunter@easy,10,0,0,0,0,0,0,12
exp04_control_s1_it750,bun.hunter@easy,11,1,0,0,0,1,0,11
exp04_control_s1_it750,bun.hunter@easy,12,0,0,1,0,0,1,9
exp04_control_s1_it750,bun.hunter@easy,13,0,0,0,0,0,0,8
exp04_control_s1_it750,bun.hunter@easy,14,0,0,0,0,0,0,10
exp04_control_s1_it750,bun.hunter@easy,15,1,0,0,0,1,0,14
exp04_control_s1_it750,bun.hunter@easy,16,0,0,0,0,0,0,14
exp04_control_s1_it750,bun.hunter@easy,17,1,0,0,0,1,0,14
exp04_control_s1_it750,bun.hunter@easy,18,0,0,0,0,0,0,13
exp04_control_s1_it750,bun.hunter@easy,19,0,0,1,0,0,1,7
exp04_control_s1_it750,bun.hunter@easy,20,0,0,0,0,0,0,12
exp04_control_s1_it750,bun.hunter@easy,21,0,0,1,0,0,1,10
exp04_control_s1_it750,bun.hunter@easy,22,1,0,0,0,1,0,14
exp04_control_s1_it750,bun.hunter@easy,23,0,0,0,0,0,0,16
exp04_control_s1_it750,bun.hunter@easy,24,0,0,0,0,0,0,8
exp04_control_s1_it750,bun.hunter@easy,25,0,0,0,0,0,0,15
exp04_control_s1_it750,bun.hunter@easy,26,0,1,0,0,0,1,6
exp04_control_s1_it750,bun.hunter@easy,27,0,0,1,0,0,1,9
exp04_control_s1_it750,bun.hunter@easy,28,0,0,0,0,0,0,10
exp04_control_s1_it750,bun.hunter@easy,29,0,0,1,0,0,1,11
exp04_control_s1_it750,bun.hunter@easy,30,0,0,0,0,0,0,15
exp04_control_s1_it750,bun.hunter@easy,31,1,0,1,0,0,0,5
exp04_control_s1_it750,bun.hunter@easy,32,1,0,0,0,1,0,11
exp04_control_s1_it750,bun.hunter@easy,33,0,0,1,0,0,1,10
exp04_control_s1_it750,bun.hunter@easy,34,0,0,1,0,0,1,11
exp04_control_s1_it750,bun.hunter@easy,35,0,0,0,0,0,0,14
exp04_control_s1_it750,bun.hunter@easy,36,0,0,0,0,0,0,14
exp04_control_s1_it750,bun.hunter@easy,37,0,0,0,0,0,0,9
exp04_control_s1_it750,bun.hunter@easy,38,1,0,0,0,1,0,13
exp04_control_s1_it750,bun.hunter@easy,39,0,1,0,0,0,1,10
exp04_control_s1_it750,bun.hunter@easy,40,0,0,1,0,0,1,7
exp04_control_s1_it750,bun.hunter@easy,41,0,0,0,0,0,0,17
exp04_control_s1_it750,bun.hunter@easy,42,1,0,0,1,0,0,11
exp04_control_s1_it750,bun.hunter@easy,43,0,0,0,0,0,0,15
exp04_control_s1_it750,bun.hunter@easy,44,0,0,0,0,0,0,13
exp04_control_s1_it750,bun.hunter@easy,45,0,0,0,0,0,0,13
exp04_control_s1_it750,bun.hunter@easy,46,0,0,0,0,0,0,17
exp04_control_s1_it750,bun.hunter@easy,47,0,0,0,0,0,0,16
exp04_control_s1_it750,bun.hunter@easy,48,0,0,0,0,0,0,15
exp04_control_s1_it750,bun.hunter@easy,49,0,0,0,0,0,0,14
exp04_control_s1_it750,bun.hunter@easy,50,0,0,0,0,0,0,15
exp04_control_s1_it750,bun.hunter@easy,51,0,0,0,0,0,0,9
exp04_control_s1_it750,bun.hunter@easy,52,0,0,0,0,0,0,17
exp04_control_s1_it750,bun.hunter@easy,53,1,0,0,0,1,0,16
exp04_control_s1_it750,bun.hunter@easy,54,0,0,1,0,0,1,8
exp04_control_s1_it750,bun.hunter@easy,55,0,0,1,0,0,1,12
exp04_control_s1_it750,bun.hunter@easy,56,0,0,0,0,0,0,15
exp04_control_s1_it750,bun.hunter@easy,57,1,0,1,0,0,0,15
exp04_control_s1_it750,bun.hunter@easy,58,0,1,0,0,0,1,13
exp04_control_s1_it750,bun.hunter@easy,59,0,0,0,1,0,1,12
exp04_control_s1_it750,bun.hunter@easy,60,0,0,0,0,0,0,8
exp04_control_s1_it750,bun.hunter@easy,61,0,0,0,0,0,0,12
exp04_control_s1_it750,bun.hunter@easy,62,0,0,1,0,0,1,14
exp04_control_s1_it750,bun.hunter@easy,63,0,0,0,0,0,0,17
exp04_control_s1_final,bun.tactical_v2,0,1,0,1,0,0,0,112
exp04_control_s1_final,bun.tactical_v2,1,0,0,1,0,0,1,113
exp04_control_s1_final,bun.tactical_v2,2,0,0,1,0,0,1,112
exp04_control_s1_final,bun.tactical_v2,3,0,0,0,0,0,0,20
exp04_control_s1_final,bun.tactical_v2,4,0,0,0,0,0,0,20
exp04_control_s1_final,bun.tactical_v2,5,0,0,1,0,0,1,113
exp04_control_s1_final,bun.tactical_v2,6,0,0,1,0,0,1,113
exp04_control_s1_final,bun.tactical_v2,7,0,1,0,0,0,1,111
exp04_control_s1_final,bun.tactical_v2,8,0,0,0,0,0,0,19
exp04_control_s1_final,bun.tactical_v2,9,0,0,1,0,0,1,112
exp04_control_s1_final,bun.tactical_v2,10,0,0,1,0,0,1,24
exp04_control_s1_final,bun.tactical_v2,11,1,0,0,1,0,0,114
exp04_control_s1_final,bun.tactical_v2,12,1,0,0,0,1,0,20
exp04_control_s1_final,bun.tactical_v2,13,1,1,1,0,0,0,171
exp04_control_s1_final,bun.tactical_v2,14,0,0,0,0,0,0,20
exp04_control_s1_final,bun.tactical_v2,15,0,0,1,0,0,1,84
exp04_control_s1_final,bun.tactical_v2,16,0,0,1,0,0,1,32
exp04_control_s1_final,bun.tactical_v2,17,0,0,1,0,0,1,69
exp04_control_s1_final,bun.tactical_v2,18,0,0,0,0,0,0,18
exp04_control_s1_final,bun.tactical_v2,19,0,0,0,0,0,0,19
exp04_control_s1_final,bun.tactical_v2,20,0,0,1,0,0,1,121
exp04_control_s1_final,bun.tactical_v2,21,1,0,1,0,0,0,114
exp04_control_s1_final,bun.tactical_v2,22,1,0,1,0,0,0,111
exp04_control_s1_final,bun.tactical_v2,23,0,0,1,0,0,1,58
exp04_control_s1_final,bun.tactical_v2,24,1,0,1,0,0,0,85
exp04_control_s1_final,bun.tactical_v2,25,0,0,0,0,0,0,20
exp04_control_s1_final,bun.tactical_v2,26,0,0,1,0,0,1,113
exp04_control_s1_final,bun.tactical_v2,27,0,0,1,0,0,1,112
exp04_control_s1_final,bun.tactical_v2,28,0,0,1,0,0,1,80
exp04_control_s1_final,bun.tactical_v2,29,0,1,0,0,0,1,112
exp04_control_s1_final,bun.tactical_v2,30,1,0,0,0,1,0,18
exp04_control_s1_final,bun.tactical_v2,31,0,0,1,0,0,1,84
exp04_control_s1_final,bun.tactical_v2,32,0,0,1,0,0,1,180
exp04_control_s1_final,bun.tactical_v2,33,0,1,0,0,0,1,115
exp04_control_s1_final,bun.tactical_v2,34,1,1,0,0,0,0,114
exp04_control_s1_final,bun.tactical_v2,35,1,0,0,1,0,0,57
exp04_control_s1_final,bun.tactical_v2,36,1,0,0,1,0,0,114
exp04_control_s1_final,bun.tactical_v2,37,1,1,0,0,0,0,114
exp04_control_s1_final,bun.tactical_v2,38,0,0,0,1,0,1,21
exp04_control_s1_final,bun.tactical_v2,39,0,1,0,0,0,1,113
exp04_control_s1_final,bun.tactical_v2,40,0,0,1,1,0,1,150
exp04_control_s1_final,bun.tactical_v2,41,1,0,0,0,1,0,20
exp04_control_s1_final,bun.tactical_v2,42,0,0,0,0,0,0,19
exp04_control_s1_final,bun.tactical_v2,43,0,1,0,0,0,1,111
exp04_control_s1_final,bun.tactical_v2,44,0,1,0,0,0,1,60
exp04_control_s1_final,bun.tactical_v2,45,0,1,0,1,0,1,113
exp04_control_s1_final,bun.tactical_v2,46,0,0,1,0,0,1,84
exp04_control_s1_final,bun.tactical_v2,47,1,0,1,0,0,0,112
exp04_control_s1_final,bun.tactical_v2,48,0,0,1,0,0,1,114
exp04_control_s1_final,bun.tactical_v2,49,1,0,1,0,0,0,114
exp04_control_s1_final,bun.tactical_v2,50,1,0,1,0,0,0,83
exp04_control_s1_final,bun.tactical_v2,51,0,0,1,0,0,1,89
exp04_control_s1_final,bun.tactical_v2,52,1,0,1,0,0,0,78
exp04_control_s1_final,bun.tactical_v2,53,0,0,0,0,0,0,18
exp04_control_s1_final,bun.tactical_v2,54,0,0,1,0,0,1,112
exp04_control_s1_final,bun.tactical_v2,55,0,0,1,0,0,1,95
exp04_control_s1_final,bun.tactical_v2,56,1,0,0,0,1,0,18
exp04_control_s1_final,bun.tactical_v2,57,0,0,1,0,0,1,178
exp04_control_s1_final,bun.tactical_v2,58,0,1,1,0,0,1,117
exp04_control_s1_final,bun.tactical_v2,59,0,1,1,0,0,1,165
exp04_control_s1_final,bun.tactical_v2,60,0,0,1,0,0,1,32
exp04_control_s1_final,bun.tactical_v2,61,1,0,0,0,1,0,19
exp04_control_s1_final,bun.tactical_v2,62,0,1,0,1,0,1,113
exp04_control_s1_final,bun.tactical_v2,63,1,0,1,0,0,0,111
exp04_control_s1_final,bun.hunter@hard,0,0,0,0,0,0,0,19
exp04_control_s1_final,bun.hunter@hard,1,0,0,1,0,0,1,14
exp04_control_s1_final,bun.hunter@hard,2,0,0,0,0,0,0,10
exp04_control_s1_final,bun.hunter@hard,3,0,0,0,0,0,0,17
exp04_control_s1_final,bun.hunter@hard,4,0,0,1,0,0,1,5
exp04_control_s1_final,bun.hunter@hard,5,0,0,1,0,0,1,11
exp04_control_s1_final,bun.hunter@hard,6,0,0,1,0,0,1,14
exp04_control_s1_final,bun.hunter@hard,7,0,0,0,0,0,0,20
exp04_control_s1_final,bun.hunter@hard,8,0,0,0,0,0,0,12
exp04_control_s1_final,bun.hunter@hard,9,0,0,1,0,0,1,11
exp04_control_s1_final,bun.hunter@hard,10,0,0,0,0,0,0,4
exp04_control_s1_final,bun.hunter@hard,11,0,0,1,0,0,1,13
exp04_control_s1_final,bun.hunter@hard,12,0,0,1,0,0,1,11
exp04_control_s1_final,bun.hunter@hard,13,0,0,1,0,0,1,8
exp04_control_s1_final,bun.hunter@hard,14,0,0,0,0,0,0,14
exp04_control_s1_final,bun.hunter@hard,15,0,0,1,0,0,1,12
exp04_control_s1_final,bun.hunter@hard,16,0,0,0,0,0,0,4
exp04_control_s1_final,bun.hunter@hard,17,0,0,1,0,0,1,7
exp04_control_s1_final,bun.hunter@hard,18,0,0,0,0,0,0,16
exp04_control_s1_final,bun.hunter@hard,19,0,0,1,0,0,1,12
exp04_control_s1_final,bun.hunter@hard,20,0,1,0,0,0,1,13
exp04_control_s1_final,bun.hunter@hard,21,0,0,1,0,0,1,11
exp04_control_s1_final,bun.hunter@hard,22,0,0,0,0,0,0,18
exp04_control_s1_final,bun.hunter@hard,23,0,0,1,0,0,1,6
exp04_control_s1_final,bun.hunter@hard,24,0,0,0,0,0,0,14
exp04_control_s1_final,bun.hunter@hard,25,0,0,0,0,0,0,10
exp04_control_s1_final,bun.hunter@hard,26,0,0,1,0,0,1,11
exp04_control_s1_final,bun.hunter@hard,27,0,0,1,0,0,1,11
exp04_control_s1_final,bun.hunter@hard,28,0,1,0,0,0,1,8
exp04_control_s1_final,bun.hunter@hard,29,0,0,1,0,0,1,6
exp04_control_s1_final,bun.hunter@hard,30,0,0,0,0,0,0,17
exp04_control_s1_final,bun.hunter@hard,31,0,0,1,0,0,1,12
exp04_control_s1_final,bun.hunter@hard,32,0,1,0,0,0,1,14
exp04_control_s1_final,bun.hunter@hard,33,0,0,0,0,0,0,18
exp04_control_s1_final,bun.hunter@hard,34,0,1,0,0,0,1,14
exp04_control_s1_final,bun.hunter@hard,35,0,0,1,0,0,1,12
exp04_control_s1_final,bun.hunter@hard,36,0,0,1,0,0,1,13
exp04_control_s1_final,bun.hunter@hard,37,0,0,1,0,0,1,7
exp04_control_s1_final,bun.hunter@hard,38,0,0,1,0,0,1,11
exp04_control_s1_final,bun.hunter@hard,39,0,0,1,0,0,1,12
exp04_control_s1_final,bun.hunter@hard,40,0,0,0,0,0,0,18
exp04_control_s1_final,bun.hunter@hard,41,0,1,0,0,0,1,8
exp04_control_s1_final,bun.hunter@hard,42,0,0,1,0,0,1,12
exp04_control_s1_final,bun.hunter@hard,43,0,0,0,0,0,0,20
exp04_control_s1_final,bun.hunter@hard,44,0,0,1,0,0,1,18
exp04_control_s1_final,bun.hunter@hard,45,0,1,1,0,0,1,10
exp04_control_s1_final,bun.hunter@hard,46,0,0,1,0,0,1,12
exp04_control_s1_final,bun.hunter@hard,47,0,0,0,0,0,0,19
exp04_control_s1_final,bun.hunter@hard,48,0,0,1,0,0,1,16
exp04_control_s1_final,bun.hunter@hard,49,0,0,0,0,0,0,14
exp04_control_s1_final,bun.hunter@hard,50,0,1,0,0,0,1,13
exp04_control_s1_final,bun.hunter@hard,51,0,0,0,0,0,0,16
exp04_control_s1_final,bun.hunter@hard,52,0,0,1,0,0,1,12
exp04_control_s1_final,bun.hunter@hard,53,0,0,0,0,0,0,20
exp04_control_s1_final,bun.hunter@hard,54,0,0,0,0,0,0,19
exp04_control_s1_final,bun.hunter@hard,55,0,0,0,0,0,0,12
exp04_control_s1_final,bun.hunter@hard,56,0,0,0,0,0,0,13
exp04_control_s1_final,bun.hunter@hard,57,0,0,0,0,0,0,18
exp04_control_s1_final,bun.hunter@hard,58,0,0,1,0,0,1,18
exp04_control_s1_final,bun.hunter@hard,59,0,0,0,0,0,0,20
exp04_control_s1_final,bun.hunter@hard,60,0,0,0,0,0,0,4
exp04_control_s1_final,bun.hunter@hard,61,0,0,0,0,0,0,14
exp04_control_s1_final,bun.hunter@hard,62,0,1,1,0,0,1,10
exp04_control_s1_final,bun.hunter@hard,63,0,0,1,0,0,1,6
exp04_control_s1_final,bun.hunter@normal,0,0,0,0,0,0,0,19
exp04_control_s1_final,bun.hunter@normal,1,0,1,0,0,0,1,14
exp04_control_s1_final,bun.hunter@normal,2,0,1,0,0,0,1,10
exp04_control_s1_final,bun.hunter@normal,3,0,0,1,0,0,1,14
exp04_control_s1_final,bun.hunter@normal,4,0,1,1,0,0,1,9
exp04_control_s1_final,bun.hunter@normal,5,0,0,1,0,0,1,13
exp04_control_s1_final,bun.hunter@normal,6,0,1,0,0,0,1,13
exp04_control_s1_final,bun.hunter@normal,7,0,0,0,0,0,0,17
exp04_control_s1_final,bun.hunter@normal,8,0,0,0,0,0,0,13
exp04_control_s1_final,bun.hunter@normal,9,0,0,1,0,0,1,14
exp04_control_s1_final,bun.hunter@normal,10,0,1,0,0,0,1,6
exp04_control_s1_final,bun.hunter@normal,11,0,0,1,0,0,1,12
exp04_control_s1_final,bun.hunter@normal,12,0,0,0,0,0,0,13
exp04_control_s1_final,bun.hunter@normal,13,0,0,1,0,0,1,13
exp04_control_s1_final,bun.hunter@normal,14,0,0,0,0,0,0,18
exp04_control_s1_final,bun.hunter@normal,15,0,0,1,0,0,1,11
exp04_control_s1_final,bun.hunter@normal,16,0,0,1,0,0,1,12
exp04_control_s1_final,bun.hunter@normal,17,0,0,0,0,0,0,8
exp04_control_s1_final,bun.hunter@normal,18,0,0,0,0,0,0,11
exp04_control_s1_final,bun.hunter@normal,19,0,1,1,0,0,1,12
exp04_control_s1_final,bun.hunter@normal,20,0,1,1,0,0,1,9
exp04_control_s1_final,bun.hunter@normal,21,0,0,1,0,0,1,12
exp04_control_s1_final,bun.hunter@normal,22,0,0,0,0,0,0,20
exp04_control_s1_final,bun.hunter@normal,23,0,0,0,0,0,0,14
exp04_control_s1_final,bun.hunter@normal,24,0,0,0,0,0,0,18
exp04_control_s1_final,bun.hunter@normal,25,0,0,0,0,0,0,14
exp04_control_s1_final,bun.hunter@normal,26,0,0,1,0,0,1,10
exp04_control_s1_final,bun.hunter@normal,27,0,0,0,0,0,0,13
exp04_control_s1_final,bun.hunter@normal,28,0,0,1,0,0,1,7
exp04_control_s1_final,bun.hunter@normal,29,0,0,1,0,0,1,13
exp04_control_s1_final,bun.hunter@normal,30,0,0,0,0,0,0,19
exp04_control_s1_final,bun.hunter@normal,31,0,1,0,0,0,1,14
exp04_control_s1_final,bun.hunter@normal,32,0,0,1,0,0,1,11
exp04_control_s1_final,bun.hunter@normal,33,0,0,0,0,0,0,12
exp04_control_s1_final,bun.hunter@normal,34,0,1,0,0,0,1,13
exp04_control_s1_final,bun.hunter@normal,35,0,0,1,0,0,1,14
exp04_control_s1_final,bun.hunter@normal,36,0,0,1,0,0,1,12
exp04_control_s1_final,bun.hunter@normal,37,0,1,0,0,0,1,10
exp04_control_s1_final,bun.hunter@normal,38,0,0,0,0,0,0,18
exp04_control_s1_final,bun.hunter@normal,39,0,0,1,0,0,1,14
exp04_control_s1_final,bun.hunter@normal,40,0,0,0,0,0,0,10
exp04_control_s1_final,bun.hunter@normal,41,0,0,1,0,0,1,12
exp04_control_s1_final,bun.hunter@normal,42,0,0,0,1,0,1,13
exp04_control_s1_final,bun.hunter@normal,43,0,0,0,0,0,0,18
exp04_control_s1_final,bun.hunter@normal,44,0,0,0,0,0,0,19
exp04_control_s1_final,bun.hunter@normal,45,0,1,0,0,0,1,13
exp04_control_s1_final,bun.hunter@normal,46,0,1,0,1,0,1,9
exp04_control_s1_final,bun.hunter@normal,47,0,0,1,0,0,1,12
exp04_control_s1_final,bun.hunter@normal,48,0,0,1,0,0,1,6
exp04_control_s1_final,bun.hunter@normal,49,0,0,0,0,0,0,17
exp04_control_s1_final,bun.hunter@normal,50,0,0,0,0,0,0,18
exp04_control_s1_final,bun.hunter@normal,51,0,0,0,0,0,0,19
exp04_control_s1_final,bun.hunter@normal,52,0,0,0,0,0,0,18
exp04_control_s1_final,bun.hunter@normal,53,0,0,0,0,0,0,18
exp04_control_s1_final,bun.hunter@normal,54,0,0,0,0,0,0,18
exp04_control_s1_final,bun.hunter@normal,55,0,0,1,0,0,1,13
exp04_control_s1_final,bun.hunter@normal,56,0,0,0,0,0,0,19
exp04_control_s1_final,bun.hunter@normal,57,0,0,0,0,0,0,19
exp04_control_s1_final,bun.hunter@normal,58,0,0,0,0,0,0,14
exp04_control_s1_final,bun.hunter@normal,59,0,0,0,0,0,0,12
exp04_control_s1_final,bun.hunter@normal,60,0,0,1,0,0,1,12
exp04_control_s1_final,bun.hunter@normal,61,0,0,0,0,0,0,13
exp04_control_s1_final,bun.hunter@normal,62,0,1,1,0,0,1,10
exp04_control_s1_final,bun.hunter@normal,63,0,0,1,0,0,1,8
exp04_control_s1_final,bun.hunter@easy,0,0,0,1,0,0,1,13
exp04_control_s1_final,bun.hunter@easy,1,0,0,1,0,0,1,13
exp04_control_s1_final,bun.hunter@easy,2,0,1,0,1,0,1,8
exp04_control_s1_final,bun.hunter@easy,3,0,0,1,0,0,1,12
exp04_control_s1_final,bun.hunter@easy,4,0,0,0,0,0,0,18
exp04_control_s1_final,bun.hunter@easy,5,0,0,1,0,0,1,14
exp04_control_s1_final,bun.hunter@easy,6,0,0,1,0,0,1,14
exp04_control_s1_final,bun.hunter@easy,7,0,1,0,0,0,1,17
exp04_control_s1_final,bun.hunter@easy,8,0,0,1,0,0,1,12
exp04_control_s1_final,bun.hunter@easy,9,0,0,1,0,0,1,14
exp04_control_s1_final,bun.hunter@easy,10,0,0,1,0,0,1,15
exp04_control_s1_final,bun.hunter@easy,11,0,0,0,0,0,0,20
exp04_control_s1_final,bun.hunter@easy,12,0,0,0,0,0,0,11
exp04_control_s1_final,bun.hunter@easy,13,0,0,1,0,0,1,12
exp04_control_s1_final,bun.hunter@easy,14,0,0,0,0,0,0,18
exp04_control_s1_final,bun.hunter@easy,15,0,0,0,0,0,0,13
exp04_control_s1_final,bun.hunter@easy,16,1,0,0,0,1,0,18
exp04_control_s1_final,bun.hunter@easy,17,0,0,0,1,0,1,15
exp04_control_s1_final,bun.hunter@easy,18,0,0,0,0,0,0,12
exp04_control_s1_final,bun.hunter@easy,19,0,0,1,0,0,1,14
exp04_control_s1_final,bun.hunter@easy,20,0,0,1,0,0,1,14
exp04_control_s1_final,bun.hunter@easy,21,0,0,1,0,0,1,10
exp04_control_s1_final,bun.hunter@easy,22,0,0,0,0,0,0,14
exp04_control_s1_final,bun.hunter@easy,23,0,1,0,0,0,1,12
exp04_control_s1_final,bun.hunter@easy,24,0,0,0,0,0,0,18
exp04_control_s1_final,bun.hunter@easy,25,0,1,0,0,0,1,10
exp04_control_s1_final,bun.hunter@easy,26,0,0,1,0,0,1,13
exp04_control_s1_final,bun.hunter@easy,27,0,0,0,0,0,0,14
exp04_control_s1_final,bun.hunter@easy,28,0,0,0,0,0,0,21
exp04_control_s1_final,bun.hunter@easy,29,0,0,1,0,0,1,13
exp04_control_s1_final,bun.hunter@easy,30,0,1,0,0,0,1,9
exp04_control_s1_final,bun.hunter@easy,31,0,0,1,0,0,1,12
exp04_control_s1_final,bun.hunter@easy,32,0,0,0,1,0,1,14
exp04_control_s1_final,bun.hunter@easy,33,1,0,1,0,0,0,12
exp04_control_s1_final,bun.hunter@easy,34,0,0,1,0,0,1,12
exp04_control_s1_final,bun.hunter@easy,35,0,0,1,0,0,1,13
exp04_control_s1_final,bun.hunter@easy,36,0,1,0,0,0,1,9
exp04_control_s1_final,bun.hunter@easy,37,0,0,0,0,0,0,14
exp04_control_s1_final,bun.hunter@easy,38,0,1,0,0,0,1,11
exp04_control_s1_final,bun.hunter@easy,39,0,0,1,0,0,1,11
exp04_control_s1_final,bun.hunter@easy,40,0,0,1,0,0,1,10
exp04_control_s1_final,bun.hunter@easy,41,0,1,0,0,0,1,9
exp04_control_s1_final,bun.hunter@easy,42,0,0,1,0,0,1,14
exp04_control_s1_final,bun.hunter@easy,43,0,0,1,0,0,1,13
exp04_control_s1_final,bun.hunter@easy,44,0,0,1,0,0,1,13
exp04_control_s1_final,bun.hunter@easy,45,0,0,1,0,0,1,14
exp04_control_s1_final,bun.hunter@easy,46,0,0,1,0,0,1,11
exp04_control_s1_final,bun.hunter@easy,47,0,0,1,0,0,1,13
exp04_control_s1_final,bun.hunter@easy,48,1,0,0,0,1,0,20
exp04_control_s1_final,bun.hunter@easy,49,0,0,1,0,0,1,7
exp04_control_s1_final,bun.hunter@easy,50,0,0,1,0,0,1,17
exp04_control_s1_final,bun.hunter@easy,51,0,0,1,0,0,1,12
exp04_control_s1_final,bun.hunter@easy,52,0,0,1,0,0,1,13
exp04_control_s1_final,bun.hunter@easy,53,0,0,1,0,0,1,12
exp04_control_s1_final,bun.hunter@easy,54,0,1,0,0,0,1,11
exp04_control_s1_final,bun.hunter@easy,55,0,1,0,0,0,1,21
exp04_control_s1_final,bun.hunter@easy,56,0,1,1,0,0,1,11
exp04_control_s1_final,bun.hunter@easy,57,0,0,0,0,0,0,6
exp04_control_s1_final,bun.hunter@easy,58,0,0,0,0,0,0,13
exp04_control_s1_final,bun.hunter@easy,59,0,0,0,0,0,0,13
exp04_control_s1_final,bun.hunter@easy,60,0,0,1,0,0,1,8
exp04_control_s1_final,bun.hunter@easy,61,0,0,1,0,0,1,14
exp04_control_s1_final,bun.hunter@easy,62,0,0,1,0,0,1,12
exp04_control_s1_final,bun.hunter@easy,63,0,0,1,0,0,1,6
exp04_scenario_s1_it750,bun.tactical_v2,0,0,0,0,0,0,0,12
exp04_scenario_s1_it750,bun.tactical_v2,1,0,0,0,0,0,0,10
exp04_scenario_s1_it750,bun.tactical_v2,2,0,0,0,0,0,0,14
exp04_scenario_s1_it750,bun.tactical_v2,3,0,0,0,0,0,0,11
exp04_scenario_s1_it750,bun.tactical_v2,4,0,0,0,0,0,0,8
exp04_scenario_s1_it750,bun.tactical_v2,5,0,0,0,0,0,0,11
exp04_scenario_s1_it750,bun.tactical_v2,6,0,0,0,0,0,0,10
exp04_scenario_s1_it750,bun.tactical_v2,7,0,1,0,0,0,1,20
exp04_scenario_s1_it750,bun.tactical_v2,8,0,0,0,0,0,0,11
exp04_scenario_s1_it750,bun.tactical_v2,9,0,0,0,0,0,0,12
exp04_scenario_s1_it750,bun.tactical_v2,10,1,0,0,0,1,0,15
exp04_scenario_s1_it750,bun.tactical_v2,11,0,0,0,0,0,0,11
exp04_scenario_s1_it750,bun.tactical_v2,12,1,0,0,0,1,0,16
exp04_scenario_s1_it750,bun.tactical_v2,13,0,0,0,0,0,0,12
exp04_scenario_s1_it750,bun.tactical_v2,14,0,0,0,0,0,0,11
exp04_scenario_s1_it750,bun.tactical_v2,15,0,0,0,0,0,0,12
exp04_scenario_s1_it750,bun.tactical_v2,16,0,0,0,0,0,0,12
exp04_scenario_s1_it750,bun.tactical_v2,17,0,0,0,0,0,0,11
exp04_scenario_s1_it750,bun.tactical_v2,18,0,0,0,0,0,0,12
exp04_scenario_s1_it750,bun.tactical_v2,19,0,0,0,0,0,0,13
exp04_scenario_s1_it750,bun.tactical_v2,20,0,0,0,0,0,0,13
exp04_scenario_s1_it750,bun.tactical_v2,21,0,0,0,0,0,0,14
exp04_scenario_s1_it750,bun.tactical_v2,22,0,0,0,0,0,0,12
exp04_scenario_s1_it750,bun.tactical_v2,23,0,0,0,0,0,0,12
exp04_scenario_s1_it750,bun.tactical_v2,24,0,0,0,0,0,0,13
exp04_scenario_s1_it750,bun.tactical_v2,25,1,0,0,0,1,0,16
exp04_scenario_s1_it750,bun.tactical_v2,26,0,0,0,0,0,0,11
exp04_scenario_s1_it750,bun.tactical_v2,27,0,0,0,0,0,0,12
exp04_scenario_s1_it750,bun.tactical_v2,28,1,0,0,0,1,0,12
exp04_scenario_s1_it750,bun.tactical_v2,29,0,0,0,0,0,0,9
exp04_scenario_s1_it750,bun.tactical_v2,30,0,0,0,0,0,0,14
exp04_scenario_s1_it750,bun.tactical_v2,31,0,0,0,0,0,0,12
exp04_scenario_s1_it750,bun.tactical_v2,32,0,0,0,0,0,0,14
exp04_scenario_s1_it750,bun.tactical_v2,33,0,0,0,0,0,0,10
exp04_scenario_s1_it750,bun.tactical_v2,34,0,0,0,0,0,0,11
exp04_scenario_s1_it750,bun.tactical_v2,35,0,0,0,0,0,0,11
exp04_scenario_s1_it750,bun.tactical_v2,36,0,0,0,0,0,0,11
exp04_scenario_s1_it750,bun.tactical_v2,37,0,0,0,0,0,0,11
exp04_scenario_s1_it750,bun.tactical_v2,38,0,0,0,0,0,0,14
exp04_scenario_s1_it750,bun.tactical_v2,39,0,0,0,0,0,0,12
exp04_scenario_s1_it750,bun.tactical_v2,40,0,0,0,0,0,0,12
exp04_scenario_s1_it750,bun.tactical_v2,41,0,0,0,0,0,0,12
exp04_scenario_s1_it750,bun.tactical_v2,42,0,0,0,0,0,0,13
exp04_scenario_s1_it750,bun.tactical_v2,43,0,1,0,0,0,1,20
exp04_scenario_s1_it750,bun.tactical_v2,44,0,0,0,0,0,0,14
exp04_scenario_s1_it750,bun.tactical_v2,45,0,0,0,0,0,0,14
exp04_scenario_s1_it750,bun.tactical_v2,46,0,0,0,0,0,0,12
exp04_scenario_s1_it750,bun.tactical_v2,47,0,0,0,0,0,0,12
exp04_scenario_s1_it750,bun.tactical_v2,48,1,0,0,0,1,0,12
exp04_scenario_s1_it750,bun.tactical_v2,49,0,0,0,0,0,0,9
exp04_scenario_s1_it750,bun.tactical_v2,50,0,0,0,0,0,0,14
exp04_scenario_s1_it750,bun.tactical_v2,51,0,0,0,0,0,0,10
exp04_scenario_s1_it750,bun.tactical_v2,52,0,0,0,0,0,0,14
exp04_scenario_s1_it750,bun.tactical_v2,53,0,0,0,0,0,0,12
exp04_scenario_s1_it750,bun.tactical_v2,54,0,0,1,0,0,1,15
exp04_scenario_s1_it750,bun.tactical_v2,55,1,0,0,0,1,0,13
exp04_scenario_s1_it750,bun.tactical_v2,56,1,0,0,0,1,0,14
exp04_scenario_s1_it750,bun.tactical_v2,57,1,0,0,0,1,0,13
exp04_scenario_s1_it750,bun.tactical_v2,58,0,0,0,0,0,0,13
exp04_scenario_s1_it750,bun.tactical_v2,59,1,0,0,0,1,0,15
exp04_scenario_s1_it750,bun.tactical_v2,60,0,0,0,0,0,0,12
exp04_scenario_s1_it750,bun.tactical_v2,61,0,0,0,0,0,0,13
exp04_scenario_s1_it750,bun.tactical_v2,62,0,0,0,0,0,0,14
exp04_scenario_s1_it750,bun.tactical_v2,63,0,0,0,0,0,0,12
exp04_scenario_s1_it750,bun.hunter@hard,0,0,0,0,0,0,0,10
exp04_scenario_s1_it750,bun.hunter@hard,1,0,0,0,0,0,0,10
exp04_scenario_s1_it750,bun.hunter@hard,2,0,0,0,0,0,0,13
exp04_scenario_s1_it750,bun.hunter@hard,3,0,0,0,0,0,0,11
exp04_scenario_s1_it750,bun.hunter@hard,4,0,0,0,0,0,0,5
exp04_scenario_s1_it750,bun.hunter@hard,5,0,0,0,0,0,0,11
exp04_scenario_s1_it750,bun.hunter@hard,6,0,0,0,0,0,0,10
exp04_scenario_s1_it750,bun.hunter@hard,7,0,0,0,0,0,0,11
exp04_scenario_s1_it750,bun.hunter@hard,8,0,0,0,0,0,0,13
exp04_scenario_s1_it750,bun.hunter@hard,9,0,0,0,0,0,0,11
exp04_scenario_s1_it750,bun.hunter@hard,10,0,0,0,0,0,0,6
exp04_scenario_s1_it750,bun.hunter@hard,11,0,0,0,0,0,0,13
exp04_scenario_s1_it750,bun.hunter@hard,12,0,0,0,0,0,0,11
exp04_scenario_s1_it750,bun.hunter@hard,13,0,0,0,0,0,0,12
exp04_scenario_s1_it750,bun.hunter@hard,14,0,0,0,0,0,0,5
exp04_scenario_s1_it750,bun.hunter@hard,15,0,0,0,0,0,0,14
exp04_scenario_s1_it750,bun.hunter@hard,16,0,0,0,0,0,0,16
exp04_scenario_s1_it750,bun.hunter@hard,17,0,0,0,0,0,0,3
exp04_scenario_s1_it750,bun.hunter@hard,18,0,0,0,0,0,0,4
exp04_scenario_s1_it750,bun.hunter@hard,19,0,0,0,0,0,0,12
exp04_scenario_s1_it750,bun.hunter@hard,20,0,0,0,0,0,0,14
exp04_scenario_s1_it750,bun.hunter@hard,21,0,0,0,0,0,0,10
exp04_scenario_s1_it750,bun.hunter@hard,22,0,0,0,0,0,0,12
exp04_scenario_s1_it750,bun.hunter@hard,23,0,0,0,0,0,0,9
exp04_scenario_s1_it750,bun.hunter@hard,24,0,0,0,0,0,0,7
exp04_scenario_s1_it750,bun.hunter@hard,25,0,0,0,0,0,0,11
exp04_scenario_s1_it750,bun.hunter@hard,26,0,0,0,0,0,0,11
exp04_scenario_s1_it750,bun.hunter@hard,27,0,0,0,0,0,0,11
exp04_scenario_s1_it750,bun.hunter@hard,28,0,0,0,0,0,0,9
exp04_scenario_s1_it750,bun.hunter@hard,29,0,0,0,0,0,0,12
exp04_scenario_s1_it750,bun.hunter@hard,30,0,0,0,0,0,0,3
exp04_scenario_s1_it750,bun.hunter@hard,31,0,0,0,0,0,0,14
exp04_scenario_s1_it750,bun.hunter@hard,32,0,0,0,0,0,0,11
exp04_scenario_s1_it750,bun.hunter@hard,33,0,0,0,0,0,0,11
exp04_scenario_s1_it750,bun.hunter@hard,34,0,0,0,0,0,0,9
exp04_scenario_s1_it750,bun.hunter@hard,35,0,0,0,0,0,0,12
exp04_scenario_s1_it750,bun.hunter@hard,36,0,0,0,0,0,0,13
exp04_scenario_s1_it750,bun.hunter@hard,37,0,0,0,0,0,0,4
exp04_scenario_s1_it750,bun.hunter@hard,38,0,0,0,0,0,0,11
exp04_scenario_s1_it750,bun.hunter@hard,39,0,0,0,0,0,0,12
exp04_scenario_s1_it750,bun.hunter@hard,40,0,0,0,0,0,0,11
exp04_scenario_s1_it750,bun.hunter@hard,41,0,0,0,0,0,0,4
exp04_scenario_s1_it750,bun.hunter@hard,42,0,0,0,0,0,0,14
exp04_scenario_s1_it750,bun.hunter@hard,43,0,0,0,0,0,0,11
exp04_scenario_s1_it750,bun.hunter@hard,44,0,0,0,0,0,0,11
exp04_scenario_s1_it750,bun.hunter@hard,45,0,0,0,0,0,0,13
exp04_scenario_s1_it750,bun.hunter@hard,46,0,0,0,0,0,0,14
exp04_scenario_s1_it750,bun.hunter@hard,47,0,0,0,0,0,0,10
exp04_scenario_s1_it750,bun.hunter@hard,48,0,0,0,0,0,0,6
exp04_scenario_s1_it750,bun.hunter@hard,49,0,0,0,0,0,0,10
exp04_scenario_s1_it750,bun.hunter@hard,50,0,0,0,0,0,0,13
exp04_scenario_s1_it750,bun.hunter@hard,51,0,0,0,0,0,0,11
exp04_scenario_s1_it750,bun.hunter@hard,52,0,0,0,0,0,0,11
exp04_scenario_s1_it750,bun.hunter@hard,53,0,0,0,0,0,0,13
exp04_scenario_s1_it750,bun.hunter@hard,54,0,0,0,0,0,0,11
exp04_scenario_s1_it750,bun.hunter@hard,55,0,0,0,0,0,0,4
exp04_scenario_s1_it750,bun.hunter@hard,56,0,0,0,0,0,0,5
exp04_scenario_s1_it750,bun.hunter@hard,57,0,0,0,0,0,0,11
exp04_scenario_s1_it750,bun.hunter@hard,58,0,0,0,0,0,0,12
exp04_scenario_s1_it750,bun.hunter@hard,59,0,0,0,0,0,0,6
exp04_scenario_s1_it750,bun.hunter@hard,60,0,0,0,0,0,0,16
exp04_scenario_s1_it750,bun.hunter@hard,61,0,0,0,0,0,0,5
exp04_scenario_s1_it750,bun.hunter@hard,62,0,0,0,0,0,0,13
exp04_scenario_s1_it750,bun.hunter@hard,63,0,0,0,0,0,0,11
exp04_scenario_s1_it750,bun.hunter@normal,0,0,0,0,0,0,0,13
exp04_scenario_s1_it750,bun.hunter@normal,1,0,0,0,0,0,0,12
exp04_scenario_s1_it750,bun.hunter@normal,2,0,0,0,0,0,0,13
exp04_scenario_s1_it750,bun.hunter@normal,3,0,1,0,0,0,1,10
exp04_scenario_s1_it750,bun.hunter@normal,4,0,0,0,0,0,0,11
exp04_scenario_s1_it750,bun.hunter@normal,5,0,0,0,0,0,0,14
exp04_scenario_s1_it750,bun.hunter@normal,6,0,0,0,0,0,0,11
exp04_scenario_s1_it750,bun.hunter@normal,7,0,0,0,0,0,0,10
exp04_scenario_s1_it750,bun.hunter@normal,8,0,0,0,0,0,0,15
exp04_scenario_s1_it750,bun.hunter@normal,9,0,0,0,0,0,0,15
exp04_scenario_s1_it750,bun.hunter@normal,10,0,0,0,0,0,0,7
exp04_scenario_s1_it750,bun.hunter@normal,11,0,0,0,0,0,0,14
exp04_scenario_s1_it750,bun.hunter@normal,12,0,0,0,0,0,0,13
exp04_scenario_s1_it750,bun.hunter@normal,13,0,0,0,0,0,0,13
exp04_scenario_s1_it750,bun.hunter@normal,14,0,0,0,0,0,0,4
exp04_scenario_s1_it750,bun.hunter@normal,15,0,0,0,0,0,0,13
exp04_scenario_s1_it750,bun.hunter@normal,16,0,0,0,0,0,0,6
exp04_scenario_s1_it750,bun.hunter@normal,17,0,0,0,0,0,0,6
exp04_scenario_s1_it750,bun.hunter@normal,18,0,0,0,0,0,0,6
exp04_scenario_s1_it750,bun.hunter@normal,19,0,0,0,0,0,0,14
exp04_scenario_s1_it750,bun.hunter@normal,20,0,0,0,0,0,0,11
exp04_scenario_s1_it750,bun.hunter@normal,21,0,0,0,0,0,0,13
exp04_scenario_s1_it750,bun.hunter@normal,22,0,0,0,0,0,0,9
exp04_scenario_s1_it750,bun.hunter@normal,23,0,0,0,0,0,0,13
exp04_scenario_s1_it750,bun.hunter@normal,24,0,0,0,0,0,0,4
exp04_scenario_s1_it750,bun.hunter@normal,25,0,0,0,0,0,0,3
exp04_scenario_s1_it750,bun.hunter@normal,26,0,0,0,0,0,0,13
exp04_scenario_s1_it750,bun.hunter@normal,27,0,0,0,0,0,0,13
exp04_scenario_s1_it750,bun.hunter@normal,28,0,0,0,0,0,0,15
exp04_scenario_s1_it750,bun.hunter@normal,29,0,0,0,0,0,0,15
exp04_scenario_s1_it750,bun.hunter@normal,30,0,0,0,0,0,0,12
exp04_scenario_s1_it750,bun.hunter@normal,31,0,0,0,0,0,0,13
exp04_scenario_s1_it750,bun.hunter@normal,32,0,0,0,0,0,0,17
exp04_scenario_s1_it750,bun.hunter@normal,33,0,0,0,0,0,0,14
exp04_scenario_s1_it750,bun.hunter@normal,34,0,0,0,0,0,0,11
exp04_scenario_s1_it750,bun.hunter@normal,35,0,0,0,0,0,0,12
exp04_scenario_s1_it750,bun.hunter@normal,36,0,0,0,0,0,0,14
exp04_scenario_s1_it750,bun.hunter@normal,37,0,0,0,0,0,0,4
exp04_scenario_s1_it750,bun.hunter@normal,38,0,0,0,0,0,0,14
exp04_scenario_s1_it750,bun.hunter@normal,39,0,0,0,0,0,0,16
exp04_scenario_s1_it750,bun.hunter@normal,40,0,0,0,0,0,0,11
exp04_scenario_s1_it750,bun.hunter@normal,41,0,0,0,0,0,0,12
exp04_scenario_s1_it750,bun.hunter@normal,42,0,0,0,0,0,0,10
exp04_scenario_s1_it750,bun.hunter@normal,43,0,0,0,0,0,0,13
exp04_scenario_s1_it750,bun.hunter@normal,44,0,0,0,0,0,0,11
exp04_scenario_s1_it750,bun.hunter@normal,45,0,0,0,0,0,0,16
exp04_scenario_s1_it750,bun.hunter@normal,46,0,0,0,0,0,0,12
exp04_scenario_s1_it750,bun.hunter@normal,47,0,0,0,0,0,0,12
exp04_scenario_s1_it750,bun.hunter@normal,48,0,0,0,0,0,0,7
exp04_scenario_s1_it750,bun.hunter@normal,49,0,0,0,1,0,1,11
exp04_scenario_s1_it750,bun.hunter@normal,50,0,0,0,0,0,0,9
exp04_scenario_s1_it750,bun.hunter@normal,51,0,0,0,0,0,0,13
exp04_scenario_s1_it750,bun.hunter@normal,52,0,0,0,0,0,0,16
exp04_scenario_s1_it750,bun.hunter@normal,53,0,0,0,0,0,0,9
exp04_scenario_s1_it750,bun.hunter@normal,54,0,1,0,0,0,1,10
exp04_scenario_s1_it750,bun.hunter@normal,55,0,1,0,0,0,1,7
exp04_scenario_s1_it750,bun.hunter@normal,56,0,0,0,0,0,0,16
exp04_scenario_s1_it750,bun.hunter@normal,57,0,0,0,0,0,0,12
exp04_scenario_s1_it750,bun.hunter@normal,58,0,1,0,0,0,1,9
exp04_scenario_s1_it750,bun.hunter@normal,59,0,0,0,0,0,0,13
exp04_scenario_s1_it750,bun.hunter@normal,60,0,0,0,0,0,0,6
exp04_scenario_s1_it750,bun.hunter@normal,61,0,0,0,0,0,0,5
exp04_scenario_s1_it750,bun.hunter@normal,62,0,1,0,0,0,1,10
exp04_scenario_s1_it750,bun.hunter@normal,63,0,0,0,0,0,0,12
exp04_scenario_s1_it750,bun.hunter@easy,0,0,0,0,0,0,0,16
exp04_scenario_s1_it750,bun.hunter@easy,1,0,0,0,0,0,0,14
exp04_scenario_s1_it750,bun.hunter@easy,2,0,0,0,0,0,0,15
exp04_scenario_s1_it750,bun.hunter@easy,3,0,0,0,0,0,0,11
exp04_scenario_s1_it750,bun.hunter@easy,4,0,0,0,0,0,0,16
exp04_scenario_s1_it750,bun.hunter@easy,5,0,0,0,0,0,0,16
exp04_scenario_s1_it750,bun.hunter@easy,6,0,0,0,0,0,0,14
exp04_scenario_s1_it750,bun.hunter@easy,7,0,0,1,0,0,1,10
exp04_scenario_s1_it750,bun.hunter@easy,8,0,0,0,0,0,0,15
exp04_scenario_s1_it750,bun.hunter@easy,9,0,0,0,0,0,0,14
exp04_scenario_s1_it750,bun.hunter@easy,10,0,0,0,0,0,0,15
exp04_scenario_s1_it750,bun.hunter@easy,11,0,0,0,0,0,0,14
exp04_scenario_s1_it750,bun.hunter@easy,12,0,0,0,0,0,0,14
exp04_scenario_s1_it750,bun.hunter@easy,13,0,0,0,0,0,0,16
exp04_scenario_s1_it750,bun.hunter@easy,14,0,0,0,0,0,0,12
exp04_scenario_s1_it750,bun.hunter@easy,15,0,0,1,0,0,1,8
exp04_scenario_s1_it750,bun.hunter@easy,16,0,0,0,0,0,0,12
exp04_scenario_s1_it750,bun.hunter@easy,17,0,0,0,0,0,0,13
exp04_scenario_s1_it750,bun.hunter@easy,18,0,0,0,0,0,0,15
exp04_scenario_s1_it750,bun.hunter@easy,19,0,0,0,0,0,0,14
exp04_scenario_s1_it750,bun.hunter@easy,20,0,0,0,0,0,0,17
exp04_scenario_s1_it750,bun.hunter@easy,21,0,0,0,0,0,0,16
exp04_scenario_s1_it750,bun.hunter@easy,22,0,1,0,0,0,1,12
exp04_scenario_s1_it750,bun.hunter@easy,23,0,0,0,0,0,0,18
exp04_scenario_s1_it750,bun.hunter@easy,24,0,0,0,0,0,0,11
exp04_scenario_s1_it750,bun.hunter@easy,25,0,0,0,0,0,0,17
exp04_scenario_s1_it750,bun.hunter@easy,26,0,1,0,0,0,1,12
exp04_scenario_s1_it750,bun.hunter@easy,27,0,0,0,0,0,0,15
exp04_scenario_s1_it750,bun.hunter@easy,28,0,0,0,0,0,0,10
exp04_scenario_s1_it750,bun.hunter@easy,29,0,0,0,0,0,0,15
exp04_scenario_s1_it750,bun.hunter@easy,30,0,0,0,0,0,0,13
exp04_scenario_s1_it750,bun.hunter@easy,31,0,0,0,0,0,0,15
exp04_scenario_s1_it750,bun.hunter@easy,32,0,0,0,0,0,0,13
exp04_scenario_s1_it750,bun.hunter@easy,33,0,0,0,0,0,0,14
exp04_scenario_s1_it750,bun.hunter@easy,34,0,0,0,0,0,0,13
exp04_scenario_s1_it750,bun.hunter@easy,35,0,0,0,0,0,0,13
exp04_scenario_s1_it750,bun.hunter@easy,36,0,0,1,0,0,1,14
exp04_scenario_s1_it750,bun.hunter@easy,37,0,0,0,0,0,0,13
exp04_scenario_s1_it750,bun.hunter@easy,38,0,0,0,0,0,0,14
exp04_scenario_s1_it750,bun.hunter@easy,39,0,0,0,0,0,0,15
exp04_scenario_s1_it750,bun.hunter@easy,40,0,0,0,0,0,0,15
exp04_scenario_s1_it750,bun.hunter@easy,41,0,0,0,0,0,0,13
exp04_scenario_s1_it750,bun.hunter@easy,42,0,0,0,0,0,0,14
exp04_scenario_s1_it750,bun.hunter@easy,43,0,0,0,0,0,0,14
exp04_scenario_s1_it750,bun.hunter@easy,44,0,0,0,0,0,0,13
exp04_scenario_s1_it750,bun.hunter@easy,45,0,0,0,0,0,0,13
exp04_scenario_s1_it750,bun.hunter@easy,46,0,0,0,0,0,0,13
exp04_scenario_s1_it750,bun.hunter@easy,47,0,0,0,0,0,0,17
exp04_scenario_s1_it750,bun.hunter@easy,48,0,0,0,0,0,0,16
exp04_scenario_s1_it750,bun.hunter@easy,49,0,0,0,0,0,0,12
exp04_scenario_s1_it750,bun.hunter@easy,50,0,0,0,0,0,0,15
exp04_scenario_s1_it750,bun.hunter@easy,51,0,0,0,0,0,0,14
exp04_scenario_s1_it750,bun.hunter@easy,52,0,0,0,0,0,0,11
exp04_scenario_s1_it750,bun.hunter@easy,53,0,0,0,0,0,0,15
exp04_scenario_s1_it750,bun.hunter@easy,54,0,0,0,0,0,0,15
exp04_scenario_s1_it750,bun.hunter@easy,55,0,0,0,0,0,0,15
exp04_scenario_s1_it750,bun.hunter@easy,56,0,0,0,0,0,0,15
exp04_scenario_s1_it750,bun.hunter@easy,57,0,0,0,0,0,0,15
exp04_scenario_s1_it750,bun.hunter@easy,58,0,0,0,0,0,0,13
exp04_scenario_s1_it750,bun.hunter@easy,59,0,0,0,0,0,0,14
exp04_scenario_s1_it750,bun.hunter@easy,60,0,0,0,0,0,0,9
exp04_scenario_s1_it750,bun.hunter@easy,61,0,0,0,0,0,0,14
exp04_scenario_s1_it750,bun.hunter@easy,62,0,0,0,0,0,0,16
exp04_scenario_s1_it750,bun.hunter@easy,63,0,0,1,0,0,1,13
exp04_scenario_s1_final,bun.tactical_v2,0,0,0,0,0,0,0,12
exp04_scenario_s1_final,bun.tactical_v2,1,0,0,0,0,0,0,6
exp04_scenario_s1_final,bun.tactical_v2,2,0,0,0,0,0,0,7
exp04_scenario_s1_final,bun.tactical_v2,3,0,0,0,0,0,0,4
exp04_scenario_s1_final,bun.tactical_v2,4,0,0,0,0,0,0,2
exp04_scenario_s1_final,bun.tactical_v2,5,0,0,0,0,0,0,8
exp04_scenario_s1_final,bun.tactical_v2,6,0,0,0,0,0,0,6
exp04_scenario_s1_final,bun.tactical_v2,7,0,0,0,0,0,0,3
exp04_scenario_s1_final,bun.tactical_v2,8,0,0,0,0,0,0,2
exp04_scenario_s1_final,bun.tactical_v2,9,0,0,0,0,0,0,11
exp04_scenario_s1_final,bun.tactical_v2,10,0,0,0,0,0,0,6
exp04_scenario_s1_final,bun.tactical_v2,11,0,0,0,1,0,1,2
exp04_scenario_s1_final,bun.tactical_v2,12,0,0,0,0,0,0,13
exp04_scenario_s1_final,bun.tactical_v2,13,0,0,0,0,0,0,7
exp04_scenario_s1_final,bun.tactical_v2,14,0,0,0,0,0,0,2
exp04_scenario_s1_final,bun.tactical_v2,15,0,0,0,0,0,0,7
exp04_scenario_s1_final,bun.tactical_v2,16,0,0,0,0,0,0,2
exp04_scenario_s1_final,bun.tactical_v2,17,0,0,0,0,0,0,3
exp04_scenario_s1_final,bun.tactical_v2,18,0,0,0,0,0,0,3
exp04_scenario_s1_final,bun.tactical_v2,19,0,0,0,0,0,0,5
exp04_scenario_s1_final,bun.tactical_v2,20,0,0,0,0,0,0,1
exp04_scenario_s1_final,bun.tactical_v2,21,0,0,0,0,0,0,6
exp04_scenario_s1_final,bun.tactical_v2,22,0,0,0,0,0,0,6
exp04_scenario_s1_final,bun.tactical_v2,23,0,0,0,0,0,0,2
exp04_scenario_s1_final,bun.tactical_v2,24,1,0,0,0,1,0,5
exp04_scenario_s1_final,bun.tactical_v2,25,0,0,0,0,0,0,3
exp04_scenario_s1_final,bun.tactical_v2,26,0,0,0,0,0,0,8
exp04_scenario_s1_final,bun.tactical_v2,27,0,0,0,0,0,0,11
exp04_scenario_s1_final,bun.tactical_v2,28,0,0,0,0,0,0,6
exp04_scenario_s1_final,bun.tactical_v2,29,0,0,0,0,0,0,4
exp04_scenario_s1_final,bun.tactical_v2,30,0,0,0,0,0,0,2
exp04_scenario_s1_final,bun.tactical_v2,31,0,0,0,0,0,0,7
exp04_scenario_s1_final,bun.tactical_v2,32,0,0,0,0,0,0,5
exp04_scenario_s1_final,bun.tactical_v2,33,0,0,0,0,0,0,5
exp04_scenario_s1_final,bun.tactical_v2,34,0,0,0,0,0,0,1
exp04_scenario_s1_final,bun.tactical_v2,35,0,0,0,0,0,0,1
exp04_scenario_s1_final,bun.tactical_v2,36,0,0,0,1,0,1,2
exp04_scenario_s1_final,bun.tactical_v2,37,0,0,0,0,0,0,0
exp04_scenario_s1_final,bun.tactical_v2,38,0,0,0,0,0,0,3
exp04_scenario_s1_final,bun.tactical_v2,39,0,0,0,0,0,0,9
exp04_scenario_s1_final,bun.tactical_v2,40,0,0,0,0,0,0,3
exp04_scenario_s1_final,bun.tactical_v2,41,0,0,0,0,0,0,7
exp04_scenario_s1_final,bun.tactical_v2,42,0,0,0,0,0,0,6
exp04_scenario_s1_final,bun.tactical_v2,43,0,0,0,0,0,0,3
exp04_scenario_s1_final,bun.tactical_v2,44,0,0,0,0,0,0,8
exp04_scenario_s1_final,bun.tactical_v2,45,0,0,0,0,0,0,7
exp04_scenario_s1_final,bun.tactical_v2,46,0,0,0,0,0,0,7
exp04_scenario_s1_final,bun.tactical_v2,47,0,0,0,0,0,0,12
exp04_scenario_s1_final,bun.tactical_v2,48,0,0,0,0,0,0,4
exp04_scenario_s1_final,bun.tactical_v2,49,0,0,0,0,0,0,8
exp04_scenario_s1_final,bun.tactical_v2,50,1,0,0,0,1,0,6
exp04_scenario_s1_final,bun.tactical_v2,51,0,0,0,0,0,0,7
exp04_scenario_s1_final,bun.tactical_v2,52,0,0,0,0,0,0,13
exp04_scenario_s1_final,bun.tactical_v2,53,1,0,0,0,1,0,6
exp04_scenario_s1_final,bun.tactical_v2,54,0,0,0,0,0,0,6
exp04_scenario_s1_final,bun.tactical_v2,55,0,0,0,0,0,0,4
exp04_scenario_s1_final,bun.tactical_v2,56,0,0,0,0,0,0,6
exp04_scenario_s1_final,bun.tactical_v2,57,0,0,0,0,0,0,8
exp04_scenario_s1_final,bun.tactical_v2,58,0,1,0,0,0,1,5
exp04_scenario_s1_final,bun.tactical_v2,59,0,0,0,0,0,0,6
exp04_scenario_s1_final,bun.tactical_v2,60,0,0,0,0,0,0,2
exp04_scenario_s1_final,bun.tactical_v2,61,0,0,0,0,0,0,2
exp04_scenario_s1_final,bun.tactical_v2,62,0,0,0,0,0,0,7
exp04_scenario_s1_final,bun.tactical_v2,63,0,0,0,0,0,0,1
exp04_scenario_s1_final,bun.hunter@hard,0,0,0,0,0,0,0,5
exp04_scenario_s1_final,bun.hunter@hard,1,0,0,0,0,0,0,4
exp04_scenario_s1_final,bun.hunter@hard,2,0,0,0,0,0,0,11
exp04_scenario_s1_final,bun.hunter@hard,3,0,0,0,0,0,0,4
exp04_scenario_s1_final,bun.hunter@hard,4,0,0,0,0,0,0,11
exp04_scenario_s1_final,bun.hunter@hard,5,0,0,0,0,0,0,5
exp04_scenario_s1_final,bun.hunter@hard,6,0,0,0,0,0,0,4
exp04_scenario_s1_final,bun.hunter@hard,7,0,0,0,0,0,0,9
exp04_scenario_s1_final,bun.hunter@hard,8,0,0,0,0,0,0,6
exp04_scenario_s1_final,bun.hunter@hard,9,0,0,0,0,0,0,4
exp04_scenario_s1_final,bun.hunter@hard,10,0,0,0,0,0,0,6
exp04_scenario_s1_final,bun.hunter@hard,11,0,0,0,0,0,0,3
exp04_scenario_s1_final,bun.hunter@hard,12,0,0,0,0,0,0,10
exp04_scenario_s1_final,bun.hunter@hard,13,0,0,0,0,0,0,8
exp04_scenario_s1_final,bun.hunter@hard,14,0,0,0,0,0,0,10
exp04_scenario_s1_final,bun.hunter@hard,15,0,0,0,0,0,0,13
exp04_scenario_s1_final,bun.hunter@hard,16,0,0,0,0,0,0,11
exp04_scenario_s1_final,bun.hunter@hard,17,0,0,0,0,0,0,10
exp04_scenario_s1_final,bun.hunter@hard,18,0,0,0,0,0,0,7
exp04_scenario_s1_final,bun.hunter@hard,19,0,0,0,0,0,0,6
exp04_scenario_s1_final,bun.hunter@hard,20,0,0,0,0,0,0,9
exp04_scenario_s1_final,bun.hunter@hard,21,0,0,0,0,0,0,8
exp04_scenario_s1_final,bun.hunter@hard,22,0,0,0,0,0,0,4
exp04_scenario_s1_final,bun.hunter@hard,23,0,0,0,0,0,0,8
exp04_scenario_s1_final,bun.hunter@hard,24,0,0,0,0,0,0,7
exp04_scenario_s1_final,bun.hunter@hard,25,0,0,0,0,0,0,2
exp04_scenario_s1_final,bun.hunter@hard,26,0,0,0,0,0,0,5
exp04_scenario_s1_final,bun.hunter@hard,27,0,0,0,0,0,0,4
exp04_scenario_s1_final,bun.hunter@hard,28,0,0,0,0,0,0,12
exp04_scenario_s1_final,bun.hunter@hard,29,0,0,0,0,0,0,1
exp04_scenario_s1_final,bun.hunter@hard,30,0,0,0,0,0,0,9
exp04_scenario_s1_final,bun.hunter@hard,31,0,0,0,0,0,0,13
exp04_scenario_s1_final,bun.hunter@hard,32,0,0,0,0,0,0,6
exp04_scenario_s1_final,bun.hunter@hard,33,0,0,0,0,0,0,5
exp04_scenario_s1_final,bun.hunter@hard,34,0,0,0,0,0,0,0
exp04_scenario_s1_final,bun.hunter@hard,35,0,0,0,0,0,0,8
exp04_scenario_s1_final,bun.hunter@hard,36,0,0,0,0,0,0,3
exp04_scenario_s1_final,bun.hunter@hard,37,0,0,0,0,0,0,8
exp04_scenario_s1_final,bun.hunter@hard,38,0,0,0,0,0,0,10
exp04_scenario_s1_final,bun.hunter@hard,39,0,0,0,0,0,0,11
exp04_scenario_s1_final,bun.hunter@hard,40,0,0,0,0,0,0,3
exp04_scenario_s1_final,bun.hunter@hard,41,0,0,0,0,0,0,7
exp04_scenario_s1_final,bun.hunter@hard,42,0,0,0,0,0,0,2
exp04_scenario_s1_final,bun.hunter@hard,43,0,0,0,0,0,0,9
exp04_scenario_s1_final,bun.hunter@hard,44,0,0,0,0,0,0,5
exp04_scenario_s1_final,bun.hunter@hard,45,0,0,0,0,0,0,4
exp04_scenario_s1_final,bun.hunter@hard,46,0,0,0,0,0,0,13
exp04_scenario_s1_final,bun.hunter@hard,47,0,0,0,0,0,0,5
exp04_scenario_s1_final,bun.hunter@hard,48,0,0,0,0,0,0,8
exp04_scenario_s1_final,bun.hunter@hard,49,0,0,0,0,0,0,4
exp04_scenario_s1_final,bun.hunter@hard,50,0,0,0,0,0,0,10
exp04_scenario_s1_final,bun.hunter@hard,51,0,0,0,0,0,0,5
exp04_scenario_s1_final,bun.hunter@hard,52,0,0,0,0,0,0,4
exp04_scenario_s1_final,bun.hunter@hard,53,0,0,0,0,0,0,3
exp04_scenario_s1_final,bun.hunter@hard,54,0,0,0,0,0,0,7
exp04_scenario_s1_final,bun.hunter@hard,55,0,0,0,0,0,0,9
exp04_scenario_s1_final,bun.hunter@hard,56,0,0,0,0,0,0,9
exp04_scenario_s1_final,bun.hunter@hard,57,0,0,0,0,0,0,5
exp04_scenario_s1_final,bun.hunter@hard,58,0,0,0,0,0,0,15
exp04_scenario_s1_final,bun.hunter@hard,59,0,0,0,0,0,0,8
exp04_scenario_s1_final,bun.hunter@hard,60,0,0,0,0,0,0,11
exp04_scenario_s1_final,bun.hunter@hard,61,0,0,0,0,0,0,10
exp04_scenario_s1_final,bun.hunter@hard,62,0,0,0,0,0,0,4
exp04_scenario_s1_final,bun.hunter@hard,63,0,0,0,0,0,0,5
exp04_scenario_s1_final,bun.hunter@normal,0,0,0,0,0,0,0,4
exp04_scenario_s1_final,bun.hunter@normal,1,0,0,0,0,0,0,4
exp04_scenario_s1_final,bun.hunter@normal,2,0,0,0,0,0,0,7
exp04_scenario_s1_final,bun.hunter@normal,3,0,0,0,0,0,0,7
exp04_scenario_s1_final,bun.hunter@normal,4,0,0,0,0,0,0,7
exp04_scenario_s1_final,bun.hunter@normal,5,0,0,0,0,0,0,5
exp04_scenario_s1_final,bun.hunter@normal,6,0,0,0,0,0,0,4
exp04_scenario_s1_final,bun.hunter@normal,7,0,0,0,0,0,0,7
exp04_scenario_s1_final,bun.hunter@normal,8,0,0,0,0,0,0,9
exp04_scenario_s1_final,bun.hunter@normal,9,0,1,0,0,0,1,9
exp04_scenario_s1_final,bun.hunter@normal,10,0,0,0,0,0,0,8
exp04_scenario_s1_final,bun.hunter@normal,11,0,0,0,0,0,0,3
exp04_scenario_s1_final,bun.hunter@normal,12,0,0,0,0,0,0,10
exp04_scenario_s1_final,bun.hunter@normal,13,0,1,0,0,0,1,3
exp04_scenario_s1_final,bun.hunter@normal,14,0,0,0,0,0,0,4
exp04_scenario_s1_final,bun.hunter@normal,15,0,0,0,0,0,0,2
exp04_scenario_s1_final,bun.hunter@normal,16,0,0,0,0,0,0,9
exp04_scenario_s1_final,bun.hunter@normal,17,0,0,0,0,0,0,10
exp04_scenario_s1_final,bun.hunter@normal,18,0,0,0,0,0,0,10
exp04_scenario_s1_final,bun.hunter@normal,19,0,0,0,0,0,0,15
exp04_scenario_s1_final,bun.hunter@normal,20,0,0,0,0,0,0,7
exp04_scenario_s1_final,bun.hunter@normal,21,0,0,0,0,0,0,13
exp04_scenario_s1_final,bun.hunter@normal,22,0,0,0,0,0,0,13
exp04_scenario_s1_final,bun.hunter@normal,23,0,0,0,0,0,0,9
exp04_scenario_s1_final,bun.hunter@normal,24,0,0,0,0,0,0,5
exp04_scenario_s1_final,bun.hunter@normal,25,0,0,0,0,0,0,9
exp04_scenario_s1_final,bun.hunter@normal,26,0,0,0,0,0,0,5
exp04_scenario_s1_final,bun.hunter@normal,27,0,0,0,0,0,0,14
exp04_scenario_s1_final,bun.hunter@normal,28,0,0,0,0,0,0,10
exp04_scenario_s1_final,bun.hunter@normal,29,0,0,0,0,0,0,3
exp04_scenario_s1_final,bun.hunter@normal,30,0,0,0,0,0,0,11
exp04_scenario_s1_final,bun.hunter@normal,31,0,0,0,0,0,0,3
exp04_scenario_s1_final,bun.hunter@normal,32,0,0,0,0,0,0,4
exp04_scenario_s1_final,bun.hunter@normal,33,0,0,0,0,0,0,5
exp04_scenario_s1_final,bun.hunter@normal,34,0,0,0,0,0,0,13
exp04_scenario_s1_final,bun.hunter@normal,35,0,0,0,0,0,0,11
exp04_scenario_s1_final,bun.hunter@normal,36,0,0,0,0,0,0,3
exp04_scenario_s1_final,bun.hunter@normal,37,0,0,0,0,0,0,7
exp04_scenario_s1_final,bun.hunter@normal,38,0,0,0,0,0,0,11
exp04_scenario_s1_final,bun.hunter@normal,39,0,0,0,0,0,0,13
exp04_scenario_s1_final,bun.hunter@normal,40,0,0,0,0,0,0,8
exp04_scenario_s1_final,bun.hunter@normal,41,0,0,0,0,0,0,17
exp04_scenario_s1_final,bun.hunter@normal,42,0,0,0,0,0,0,6
exp04_scenario_s1_final,bun.hunter@normal,43,0,0,0,0,0,0,9
exp04_scenario_s1_final,bun.hunter@normal,44,0,0,0,0,0,0,11
exp04_scenario_s1_final,bun.hunter@normal,45,0,1,0,0,0,1,9
exp04_scenario_s1_final,bun.hunter@normal,46,0,0,0,0,0,0,17
exp04_scenario_s1_final,bun.hunter@normal,47,0,0,0,0,0,0,14
exp04_scenario_s1_final,bun.hunter@normal,48,0,0,0,0,0,0,10
exp04_scenario_s1_final,bun.hunter@normal,49,0,0,0,0,0,0,11
exp04_scenario_s1_final,bun.hunter@normal,50,0,1,0,0,0,1,6
exp04_scenario_s1_final,bun.hunter@normal,51,0,0,0,0,0,0,8
exp04_scenario_s1_final,bun.hunter@normal,52,0,0,0,0,0,0,12
exp04_scenario_s1_final,bun.hunter@normal,53,0,1,0,0,0,1,6
exp04_scenario_s1_final,bun.hunter@normal,54,0,0,0,0,0,0,3
exp04_scenario_s1_final,bun.hunter@normal,55,0,0,0,0,0,0,7
exp04_scenario_s1_final,bun.hunter@normal,56,0,0,0,0,0,0,11
exp04_scenario_s1_final,bun.hunter@normal,57,0,0,0,0,0,0,14
exp04_scenario_s1_final,bun.hunter@normal,58,0,0,0,0,0,0,5
exp04_scenario_s1_final,bun.hunter@normal,59,0,0,0,0,0,0,9
exp04_scenario_s1_final,bun.hunter@normal,60,0,0,0,0,0,0,5
exp04_scenario_s1_final,bun.hunter@normal,61,0,0,0,0,0,0,9
exp04_scenario_s1_final,bun.hunter@normal,62,0,0,0,0,0,0,9
exp04_scenario_s1_final,bun.hunter@normal,63,0,0,0,0,0,0,8
exp04_scenario_s1_final,bun.hunter@easy,0,0,0,0,0,0,0,12
exp04_scenario_s1_final,bun.hunter@easy,1,0,0,0,0,0,0,14
exp04_scenario_s1_final,bun.hunter@easy,2,0,0,0,0,0,0,11
exp04_scenario_s1_final,bun.hunter@easy,3,0,0,0,0,0,0,15
exp04_scenario_s1_final,bun.hunter@easy,4,0,0,0,0,0,0,9
exp04_scenario_s1_final,bun.hunter@easy,5,0,0,0,0,0,0,10
exp04_scenario_s1_final,bun.hunter@easy,6,0,0,0,0,0,0,9
exp04_scenario_s1_final,bun.hunter@easy,7,0,0,0,0,0,0,8
exp04_scenario_s1_final,bun.hunter@easy,8,0,0,0,0,0,0,15
exp04_scenario_s1_final,bun.hunter@easy,9,0,0,0,0,0,0,11
exp04_scenario_s1_final,bun.hunter@easy,10,0,0,0,0,0,0,13
exp04_scenario_s1_final,bun.hunter@easy,11,0,0,1,0,0,1,17
exp04_scenario_s1_final,bun.hunter@easy,12,0,0,0,0,0,0,15
exp04_scenario_s1_final,bun.hunter@easy,13,0,0,0,0,0,0,12
exp04_scenario_s1_final,bun.hunter@easy,14,0,0,0,0,0,0,12
exp04_scenario_s1_final,bun.hunter@easy,15,0,0,0,0,0,0,14
exp04_scenario_s1_final,bun.hunter@easy,16,1,0,0,0,1,0,10
exp04_scenario_s1_final,bun.hunter@easy,17,0,0,0,0,0,0,16
exp04_scenario_s1_final,bun.hunter@easy,18,0,0,0,0,0,0,8
exp04_scenario_s1_final,bun.hunter@easy,19,0,0,0,0,0,0,16
exp04_scenario_s1_final,bun.hunter@easy,20,0,0,0,0,0,0,14
exp04_scenario_s1_final,bun.hunter@easy,21,0,0,0,0,0,0,12
exp04_scenario_s1_final,bun.hunter@easy,22,0,0,0,0,0,0,12
exp04_scenario_s1_final,bun.hunter@easy,23,0,0,0,0,0,0,14
exp04_scenario_s1_final,bun.hunter@easy,24,0,0,0,0,0,0,12
exp04_scenario_s1_final,bun.hunter@easy,25,0,0,0,0,0,0,15
exp04_scenario_s1_final,bun.hunter@easy,26,0,0,0,0,0,0,7
exp04_scenario_s1_final,bun.hunter@easy,27,0,0,0,0,0,0,14
exp04_scenario_s1_final,bun.hunter@easy,28,0,0,0,0,0,0,12
exp04_scenario_s1_final,bun.hunter@easy,29,0,0,0,0,0,0,11
exp04_scenario_s1_final,bun.hunter@easy,30,1,0,0,0,1,0,10
exp04_scenario_s1_final,bun.hunter@easy,31,0,0,0,0,0,0,12
exp04_scenario_s1_final,bun.hunter@easy,32,0,0,0,0,0,0,12
exp04_scenario_s1_final,bun.hunter@easy,33,0,0,1,0,0,1,12
exp04_scenario_s1_final,bun.hunter@easy,34,0,0,0,0,0,0,5
exp04_scenario_s1_final,bun.hunter@easy,35,0,0,0,0,0,0,1
exp04_scenario_s1_final,bun.hunter@easy,36,0,0,0,0,0,0,11
exp04_scenario_s1_final,bun.hunter@easy,37,0,0,0,0,0,0,14
exp04_scenario_s1_final,bun.hunter@easy,38,0,0,0,0,0,0,15
exp04_scenario_s1_final,bun.hunter@easy,39,0,0,0,0,0,0,14
exp04_scenario_s1_final,bun.hunter@easy,40,0,0,0,0,0,0,6
exp04_scenario_s1_final,bun.hunter@easy,41,0,0,0,0,0,0,9
exp04_scenario_s1_final,bun.hunter@easy,42,0,0,0,0,0,0,10
exp04_scenario_s1_final,bun.hunter@easy,43,1,0,0,0,1,0,12
exp04_scenario_s1_final,bun.hunter@easy,44,0,0,0,0,0,0,14
exp04_scenario_s1_final,bun.hunter@easy,45,1,0,0,0,1,0,10
exp04_scenario_s1_final,bun.hunter@easy,46,0,0,0,0,0,0,8
exp04_scenario_s1_final,bun.hunter@easy,47,0,0,0,0,0,0,13
exp04_scenario_s1_final,bun.hunter@easy,48,0,0,0,0,0,0,9
exp04_scenario_s1_final,bun.hunter@easy,49,0,0,0,0,0,0,10
exp04_scenario_s1_final,bun.hunter@easy,50,0,0,0,0,0,0,11
exp04_scenario_s1_final,bun.hunter@easy,51,0,0,0,0,0,0,17
exp04_scenario_s1_final,bun.hunter@easy,52,0,0,0,0,0,0,12
exp04_scenario_s1_final,bun.hunter@easy,53,0,0,0,0,0,0,15
exp04_scenario_s1_final,bun.hunter@easy,54,0,0,0,0,0,0,9
exp04_scenario_s1_final,bun.hunter@easy,55,0,0,0,0,0,0,9
exp04_scenario_s1_final,bun.hunter@easy,56,0,0,0,0,0,0,13
exp04_scenario_s1_final,bun.hunter@easy,57,0,0,0,0,0,0,7
exp04_scenario_s1_final,bun.hunter@easy,58,0,0,0,0,0,0,12
exp04_scenario_s1_final,bun.hunter@easy,59,0,0,0,0,0,0,11
exp04_scenario_s1_final,bun.hunter@easy,60,0,0,0,0,0,0,10
exp04_scenario_s1_final,bun.hunter@easy,61,0,0,0,0,0,0,4
exp04_scenario_s1_final,bun.hunter@easy,62,0,0,0,0,0,0,10
exp04_scenario_s1_final,bun.hunter@easy,63,0,0,0,0,0,0,10
exp04_control_s2_it750,bun.tactical_v2,0,0,0,0,0,0,0,15
exp04_control_s2_it750,bun.tactical_v2,1,0,0,1,0,0,1,12
exp04_control_s2_it750,bun.tactical_v2,2,0,0,0,0,0,0,13
exp04_control_s2_it750,bun.tactical_v2,3,0,0,0,0,0,0,16
exp04_control_s2_it750,bun.tactical_v2,4,0,0,0,1,0,1,13
exp04_control_s2_it750,bun.tactical_v2,5,0,0,0,0,0,0,6
exp04_control_s2_it750,bun.tactical_v2,6,0,0,1,0,0,1,12
exp04_control_s2_it750,bun.tactical_v2,7,0,0,0,0,0,0,17
exp04_control_s2_it750,bun.tactical_v2,8,0,0,0,0,0,0,15
exp04_control_s2_it750,bun.tactical_v2,9,0,0,0,0,0,0,13
exp04_control_s2_it750,bun.tactical_v2,10,0,0,0,0,0,0,14
exp04_control_s2_it750,bun.tactical_v2,11,1,0,0,0,1,0,15
exp04_control_s2_it750,bun.tactical_v2,12,1,0,0,0,1,0,15
exp04_control_s2_it750,bun.tactical_v2,13,0,1,0,0,0,1,12
exp04_control_s2_it750,bun.tactical_v2,14,1,0,0,0,1,0,16
exp04_control_s2_it750,bun.tactical_v2,15,1,0,0,0,1,0,18
exp04_control_s2_it750,bun.tactical_v2,16,1,0,0,0,1,0,10
exp04_control_s2_it750,bun.tactical_v2,17,0,0,0,0,0,0,3
exp04_control_s2_it750,bun.tactical_v2,18,0,0,0,0,0,0,18
exp04_control_s2_it750,bun.tactical_v2,19,1,0,0,0,1,0,17
exp04_control_s2_it750,bun.tactical_v2,20,0,0,0,0,0,0,17
exp04_control_s2_it750,bun.tactical_v2,21,1,0,0,0,1,0,11
exp04_control_s2_it750,bun.tactical_v2,22,0,0,0,0,0,0,17
exp04_control_s2_it750,bun.tactical_v2,23,0,0,1,0,0,1,53
exp04_control_s2_it750,bun.tactical_v2,24,0,0,0,0,0,0,12
exp04_control_s2_it750,bun.tactical_v2,25,1,0,0,0,1,0,17
exp04_control_s2_it750,bun.tactical_v2,26,0,0,0,0,0,0,6
exp04_control_s2_it750,bun.tactical_v2,27,0,0,0,0,0,0,13
exp04_control_s2_it750,bun.tactical_v2,28,0,0,0,0,0,0,17
exp04_control_s2_it750,bun.tactical_v2,29,0,0,0,0,0,0,15
exp04_control_s2_it750,bun.tactical_v2,30,0,0,0,0,0,0,17
exp04_control_s2_it750,bun.tactical_v2,31,1,0,0,0,1,0,18
exp04_control_s2_it750,bun.tactical_v2,32,1,0,0,0,1,0,16
exp04_control_s2_it750,bun.tactical_v2,33,0,0,0,0,0,0,18
exp04_control_s2_it750,bun.tactical_v2,34,0,0,0,0,0,0,17
exp04_control_s2_it750,bun.tactical_v2,35,1,0,0,0,1,0,16
exp04_control_s2_it750,bun.tactical_v2,36,1,0,0,0,1,0,15
exp04_control_s2_it750,bun.tactical_v2,37,0,0,0,0,0,0,11
exp04_control_s2_it750,bun.tactical_v2,38,1,0,0,0,1,0,16
exp04_control_s2_it750,bun.tactical_v2,39,1,0,0,0,1,0,18
exp04_control_s2_it750,bun.tactical_v2,40,0,0,0,0,0,0,16
exp04_control_s2_it750,bun.tactical_v2,41,0,0,0,1,0,1,11
exp04_control_s2_it750,bun.tactical_v2,42,1,0,0,0,1,0,16
exp04_control_s2_it750,bun.tactical_v2,43,0,0,0,0,0,0,17
exp04_control_s2_it750,bun.tactical_v2,44,0,0,0,0,0,0,16
exp04_control_s2_it750,bun.tactical_v2,45,0,0,0,0,0,0,18
exp04_control_s2_it750,bun.tactical_v2,46,1,0,0,0,1,0,18
exp04_control_s2_it750,bun.tactical_v2,47,0,0,0,0,0,0,15
exp04_control_s2_it750,bun.tactical_v2,48,1,0,0,0,1,0,18
exp04_control_s2_it750,bun.tactical_v2,49,1,0,0,0,1,0,16
exp04_control_s2_it750,bun.tactical_v2,50,0,1,0,0,0,1,9
exp04_control_s2_it750,bun.tactical_v2,51,1,0,0,0,1,0,15
exp04_control_s2_it750,bun.tactical_v2,52,0,0,0,0,0,0,13
exp04_control_s2_it750,bun.tactical_v2,53,0,1,0,1,0,1,45
exp04_control_s2_it750,bun.tactical_v2,54,0,0,0,0,0,0,11
exp04_control_s2_it750,bun.tactical_v2,55,0,0,0,0,0,0,12
exp04_control_s2_it750,bun.tactical_v2,56,0,0,0,0,0,0,5
exp04_control_s2_it750,bun.tactical_v2,57,0,0,0,0,0,0,16
exp04_control_s2_it750,bun.tactical_v2,58,1,0,1,0,0,0,16
exp04_control_s2_it750,bun.tactical_v2,59,0,1,0,0,0,1,5
exp04_control_s2_it750,bun.tactical_v2,60,1,0,0,0,1,0,10
exp04_control_s2_it750,bun.tactical_v2,61,0,0,0,0,0,0,13
exp04_control_s2_it750,bun.tactical_v2,62,0,0,0,0,0,0,18
exp04_control_s2_it750,bun.tactical_v2,63,1,0,0,0,1,0,18
exp04_control_s2_it750,bun.hunter@hard,0,0,0,0,0,0,0,17
exp04_control_s2_it750,bun.hunter@hard,1,0,1,0,0,0,1,8
exp04_control_s2_it750,bun.hunter@hard,2,0,0,0,0,0,0,6
exp04_control_s2_it750,bun.hunter@hard,3,0,0,0,0,0,0,8
exp04_control_s2_it750,bun.hunter@hard,4,0,0,0,0,0,0,3
exp04_control_s2_it750,bun.hunter@hard,5,0,0,0,0,0,0,10
exp04_control_s2_it750,bun.hunter@hard,6,0,1,0,0,0,1,8
exp04_control_s2_it750,bun.hunter@hard,7,0,0,0,0,0,0,7
exp04_control_s2_it750,bun.hunter@hard,8,0,0,0,0,0,0,7
exp04_control_s2_it750,bun.hunter@hard,9,0,0,0,0,0,0,16
exp04_control_s2_it750,bun.hunter@hard,10,0,0,0,0,0,0,11
exp04_control_s2_it750,bun.hunter@hard,11,0,0,0,0,0,0,18
exp04_control_s2_it750,bun.hunter@hard,12,0,0,0,0,0,0,16
exp04_control_s2_it750,bun.hunter@hard,13,0,0,0,0,0,0,12
exp04_control_s2_it750,bun.hunter@hard,14,0,0,1,0,0,1,7
exp04_control_s2_it750,bun.hunter@hard,15,0,0,0,0,0,0,14
exp04_control_s2_it750,bun.hunter@hard,16,0,0,0,0,0,0,11
exp04_control_s2_it750,bun.hunter@hard,17,0,0,0,0,0,0,11
exp04_control_s2_it750,bun.hunter@hard,18,0,0,0,0,0,0,8
exp04_control_s2_it750,bun.hunter@hard,19,0,0,1,0,0,1,10
exp04_control_s2_it750,bun.hunter@hard,20,0,0,0,0,0,0,15
exp04_control_s2_it750,bun.hunter@hard,21,0,0,0,0,0,0,16
exp04_control_s2_it750,bun.hunter@hard,22,0,0,0,0,0,0,12
exp04_control_s2_it750,bun.hunter@hard,23,0,0,0,0,0,0,10
exp04_control_s2_it750,bun.hunter@hard,24,0,0,0,0,0,0,6
exp04_control_s2_it750,bun.hunter@hard,25,0,0,0,0,0,0,7
exp04_control_s2_it750,bun.hunter@hard,26,0,0,0,0,0,0,10
exp04_control_s2_it750,bun.hunter@hard,27,0,0,0,0,0,0,16
exp04_control_s2_it750,bun.hunter@hard,28,0,0,0,0,0,0,9
exp04_control_s2_it750,bun.hunter@hard,29,0,0,1,0,0,1,12
exp04_control_s2_it750,bun.hunter@hard,30,0,0,1,0,0,1,7
exp04_control_s2_it750,bun.hunter@hard,31,0,0,0,0,0,0,14
exp04_control_s2_it750,bun.hunter@hard,32,0,0,0,0,0,0,16
exp04_control_s2_it750,bun.hunter@hard,33,0,0,1,0,0,1,11
exp04_control_s2_it750,bun.hunter@hard,34,0,1,0,0,0,1,9
exp04_control_s2_it750,bun.hunter@hard,35,0,0,0,0,0,0,9
exp04_control_s2_it750,bun.hunter@hard,36,0,0,0,0,0,0,18
exp04_control_s2_it750,bun.hunter@hard,37,0,0,0,0,0,0,6
exp04_control_s2_it750,bun.hunter@hard,38,0,0,0,0,0,0,10
exp04_control_s2_it750,bun.hunter@hard,39,0,0,1,0,0,1,13
exp04_control_s2_it750,bun.hunter@hard,40,0,0,0,0,0,0,16
exp04_control_s2_it750,bun.hunter@hard,41,0,0,1,0,0,1,6
exp04_control_s2_it750,bun.hunter@hard,42,0,0,0,0,0,0,16
exp04_control_s2_it750,bun.hunter@hard,43,0,0,0,0,0,0,7
exp04_control_s2_it750,bun.hunter@hard,44,0,0,0,0,0,0,15
exp04_control_s2_it750,bun.hunter@hard,45,0,0,0,0,0,0,12
exp04_control_s2_it750,bun.hunter@hard,46,0,0,0,0,0,0,14
exp04_control_s2_it750,bun.hunter@hard,47,0,0,0,0,0,0,17
exp04_control_s2_it750,bun.hunter@hard,48,0,0,0,0,0,0,11
exp04_control_s2_it750,bun.hunter@hard,49,0,0,0,0,0,0,11
exp04_control_s2_it750,bun.hunter@hard,50,0,0,0,0,0,0,6
exp04_control_s2_it750,bun.hunter@hard,51,0,0,0,0,0,0,15
exp04_control_s2_it750,bun.hunter@hard,52,0,0,0,0,0,0,15
exp04_control_s2_it750,bun.hunter@hard,53,0,0,0,0,0,0,3
exp04_control_s2_it750,bun.hunter@hard,54,0,0,1,0,0,1,8
exp04_control_s2_it750,bun.hunter@hard,55,0,0,0,0,0,0,4
exp04_control_s2_it750,bun.hunter@hard,56,0,0,1,0,0,1,12
exp04_control_s2_it750,bun.hunter@hard,57,0,0,0,0,0,0,13
exp04_control_s2_it750,bun.hunter@hard,58,0,0,1,0,0,1,12
exp04_control_s2_it750,bun.hunter@hard,59,0,0,0,0,0,0,6
exp04_control_s2_it750,bun.hunter@hard,60,0,0,0,0,0,0,11
exp04_control_s2_it750,bun.hunter@hard,61,0,0,1,0,0,1,9
exp04_control_s2_it750,bun.hunter@hard,62,0,0,0,0,0,0,12
exp04_control_s2_it750,bun.hunter@hard,63,0,0,0,0,0,0,8
exp04_control_s2_it750,bun.hunter@normal,0,0,0,0,0,0,0,16
exp04_control_s2_it750,bun.hunter@normal,1,0,0,1,0,0,1,12
exp04_control_s2_it750,bun.hunter@normal,2,0,0,1,0,0,1,9
exp04_control_s2_it750,bun.hunter@normal,3,0,0,0,0,0,0,15
exp04_control_s2_it750,bun.hunter@normal,4,0,0,0,0,0,0,11
exp04_control_s2_it750,bun.hunter@normal,5,0,0,0,0,0,0,15
exp04_control_s2_it750,bun.hunter@normal,6,0,0,1,0,0,1,9
exp04_control_s2_it750,bun.hunter@normal,7,0,0,0,0,0,0,9
exp04_control_s2_it750,bun.hunter@normal,8,0,0,1,0,0,1,7
exp04_control_s2_it750,bun.hunter@normal,9,0,0,0,0,0,0,16
exp04_control_s2_it750,bun.hunter@normal,10,0,1,0,0,0,1,4
exp04_control_s2_it750,bun.hunter@normal,11,0,1,0,0,0,1,10
exp04_control_s2_it750,bun.hunter@normal,12,0,0,0,0,0,0,7
exp04_control_s2_it750,bun.hunter@normal,13,0,0,1,0,0,1,11
exp04_control_s2_it750,bun.hunter@normal,14,0,0,1,0,0,1,8
exp04_control_s2_it750,bun.hunter@normal,15,0,1,0,0,0,1,10
exp04_control_s2_it750,bun.hunter@normal,16,0,0,0,0,0,0,4
exp04_control_s2_it750,bun.hunter@normal,17,0,0,1,0,0,1,7
exp04_control_s2_it750,bun.hunter@normal,18,0,0,0,0,0,0,18
exp04_control_s2_it750,bun.hunter@normal,19,0,0,0,0,0,0,17
exp04_control_s2_it750,bun.hunter@normal,20,0,0,0,0,0,0,15
exp04_control_s2_it750,bun.hunter@normal,21,0,0,1,0,0,1,10
exp04_control_s2_it750,bun.hunter@normal,22,0,0,0,0,0,0,12
exp04_control_s2_it750,bun.hunter@normal,23,0,0,0,0,0,0,6
exp04_control_s2_it750,bun.hunter@normal,24,0,0,0,0,0,0,8
exp04_control_s2_it750,bun.hunter@normal,25,0,0,0,0,0,0,6
exp04_control_s2_it750,bun.hunter@normal,26,0,0,0,0,0,0,16
exp04_control_s2_it750,bun.hunter@normal,27,0,0,0,0,0,0,13
exp04_control_s2_it750,bun.hunter@normal,28,0,0,0,0,0,0,13
exp04_control_s2_it750,bun.hunter@normal,29,0,1,0,0,0,1,12
exp04_control_s2_it750,bun.hunter@normal,30,0,0,0,0,0,0,13
exp04_control_s2_it750,bun.hunter@normal,31,0,0,0,0,0,0,10
exp04_control_s2_it750,bun.hunter@normal,32,0,0,0,0,0,0,15
exp04_control_s2_it750,bun.hunter@normal,33,0,0,0,0,0,0,15
exp04_control_s2_it750,bun.hunter@normal,34,0,1,0,0,0,1,10
exp04_control_s2_it750,bun.hunter@normal,35,0,1,0,0,0,1,10
exp04_control_s2_it750,bun.hunter@normal,36,0,1,0,0,0,1,12
exp04_control_s2_it750,bun.hunter@normal,37,0,0,1,0,0,1,9
exp04_control_s2_it750,bun.hunter@normal,38,0,1,0,0,0,1,7
exp04_control_s2_it750,bun.hunter@normal,39,0,0,0,0,0,0,16
exp04_control_s2_it750,bun.hunter@normal,40,0,1,0,0,0,1,11
exp04_control_s2_it750,bun.hunter@normal,41,0,0,1,0,0,1,11
exp04_control_s2_it750,bun.hunter@normal,42,0,0,1,0,0,1,11
exp04_control_s2_it750,bun.hunter@normal,43,0,0,0,0,0,0,9
exp04_control_s2_it750,bun.hunter@normal,44,0,0,0,0,0,0,10
exp04_control_s2_it750,bun.hunter@normal,45,0,0,0,0,0,0,14
exp04_control_s2_it750,bun.hunter@normal,46,0,0,0,0,0,0,11
exp04_control_s2_it750,bun.hunter@normal,47,0,0,0,0,0,0,16
exp04_control_s2_it750,bun.hunter@normal,48,0,0,1,0,0,1,8
exp04_control_s2_it750,bun.hunter@normal,49,0,0,0,0,0,0,11
exp04_control_s2_it750,bun.hunter@normal,50,0,0,1,0,0,1,11
exp04_control_s2_it750,bun.hunter@normal,51,0,0,0,0,0,0,11
exp04_control_s2_it750,bun.hunter@normal,52,0,0,0,0,0,0,10
exp04_control_s2_it750,bun.hunter@normal,53,0,0,0,0,0,0,8
exp04_control_s2_it750,bun.hunter@normal,54,0,0,0,0,0,0,9
exp04_control_s2_it750,bun.hunter@normal,55,0,0,0,0,0,0,8
exp04_control_s2_it750,bun.hunter@normal,56,0,0,0,0,0,0,8
exp04_control_s2_it750,bun.hunter@normal,57,0,0,0,0,0,0,16
exp04_control_s2_it750,bun.hunter@normal,58,0,0,0,0,0,0,17
exp04_control_s2_it750,bun.hunter@normal,59,0,0,0,0,0,0,14
exp04_control_s2_it750,bun.hunter@normal,60,0,0,1,0,0,1,9
exp04_control_s2_it750,bun.hunter@normal,61,0,0,0,0,0,0,15
exp04_control_s2_it750,bun.hunter@normal,62,0,0,0,0,0,0,16
exp04_control_s2_it750,bun.hunter@normal,63,0,0,0,0,0,0,16
exp04_control_s2_it750,bun.hunter@easy,0,0,0,0,0,0,0,15
exp04_control_s2_it750,bun.hunter@easy,1,0,0,0,0,0,0,16
exp04_control_s2_it750,bun.hunter@easy,2,0,0,0,0,0,0,17
exp04_control_s2_it750,bun.hunter@easy,3,0,0,0,0,0,0,17
exp04_control_s2_it750,bun.hunter@easy,4,0,0,1,0,0,1,15
exp04_control_s2_it750,bun.hunter@easy,5,0,0,1,0,0,1,13
exp04_control_s2_it750,bun.hunter@easy,6,0,0,0,0,0,0,18
exp04_control_s2_it750,bun.hunter@easy,7,0,0,0,0,0,0,14
exp04_control_s2_it750,bun.hunter@easy,8,0,0,0,0,0,0,17
exp04_control_s2_it750,bun.hunter@easy,9,0,0,0,0,0,0,16
exp04_control_s2_it750,bun.hunter@easy,10,0,0,0,0,0,0,13
exp04_control_s2_it750,bun.hunter@easy,11,0,0,0,0,0,0,17
exp04_control_s2_it750,bun.hunter@easy,12,0,0,0,0,0,0,17
exp04_control_s2_it750,bun.hunter@easy,13,0,0,0,0,0,0,9
exp04_control_s2_it750,bun.hunter@easy,14,0,0,1,0,0,1,6
exp04_control_s2_it750,bun.hunter@easy,15,0,0,0,0,0,0,15
exp04_control_s2_it750,bun.hunter@easy,16,0,0,0,0,0,0,16
exp04_control_s2_it750,bun.hunter@easy,17,0,0,0,0,0,0,17
exp04_control_s2_it750,bun.hunter@easy,18,0,0,0,0,0,0,15
exp04_control_s2_it750,bun.hunter@easy,19,0,0,0,0,0,0,18
exp04_control_s2_it750,bun.hunter@easy,20,0,0,0,0,0,0,15
exp04_control_s2_it750,bun.hunter@easy,21,0,0,0,0,0,0,13
exp04_control_s2_it750,bun.hunter@easy,22,0,0,1,0,0,1,12
exp04_control_s2_it750,bun.hunter@easy,23,0,0,0,0,0,0,12
exp04_control_s2_it750,bun.hunter@easy,24,0,0,0,0,0,0,16
exp04_control_s2_it750,bun.hunter@easy,25,0,0,0,0,0,0,16
exp04_control_s2_it750,bun.hunter@easy,26,0,0,0,0,0,0,12
exp04_control_s2_it750,bun.hunter@easy,27,0,0,0,0,0,0,14
exp04_control_s2_it750,bun.hunter@easy,28,0,0,0,0,0,0,12
exp04_control_s2_it750,bun.hunter@easy,29,0,0,0,0,0,0,16
exp04_control_s2_it750,bun.hunter@easy,30,0,0,0,0,0,0,12
exp04_control_s2_it750,bun.hunter@easy,31,0,0,0,0,0,0,16
exp04_control_s2_it750,bun.hunter@easy,32,0,0,0,0,0,0,15
exp04_control_s2_it750,bun.hunter@easy,33,1,0,0,0,1,0,15
exp04_control_s2_it750,bun.hunter@easy,34,0,0,0,0,0,0,17
exp04_control_s2_it750,bun.hunter@easy,35,0,0,0,0,0,0,17
exp04_control_s2_it750,bun.hunter@easy,36,0,0,0,0,0,0,20
exp04_control_s2_it750,bun.hunter@easy,37,0,0,0,0,0,0,18
exp04_control_s2_it750,bun.hunter@easy,38,0,0,0,0,0,0,16
exp04_control_s2_it750,bun.hunter@easy,39,1,0,0,0,1,0,13
exp04_control_s2_it750,bun.hunter@easy,40,0,0,0,0,0,0,14
exp04_control_s2_it750,bun.hunter@easy,41,0,0,0,0,0,0,19
exp04_control_s2_it750,bun.hunter@easy,42,0,0,0,0,0,0,15
exp04_control_s2_it750,bun.hunter@easy,43,0,0,0,0,0,0,8
exp04_control_s2_it750,bun.hunter@easy,44,0,0,1,0,0,1,17
exp04_control_s2_it750,bun.hunter@easy,45,0,0,0,0,0,0,15
exp04_control_s2_it750,bun.hunter@easy,46,0,0,0,0,0,0,13
exp04_control_s2_it750,bun.hunter@easy,47,0,0,0,0,0,0,18
exp04_control_s2_it750,bun.hunter@easy,48,0,0,0,0,0,0,11
exp04_control_s2_it750,bun.hunter@easy,49,0,0,0,0,0,0,16
exp04_control_s2_it750,bun.hunter@easy,50,0,1,0,0,0,1,10
exp04_control_s2_it750,bun.hunter@easy,51,0,0,0,0,0,0,11
exp04_control_s2_it750,bun.hunter@easy,52,0,0,1,0,0,1,13
exp04_control_s2_it750,bun.hunter@easy,53,1,0,0,0,1,0,17
exp04_control_s2_it750,bun.hunter@easy,54,0,0,0,0,0,0,15
exp04_control_s2_it750,bun.hunter@easy,55,0,1,1,0,0,1,5
exp04_control_s2_it750,bun.hunter@easy,56,0,0,0,0,0,0,14
exp04_control_s2_it750,bun.hunter@easy,57,0,0,0,0,0,0,14
exp04_control_s2_it750,bun.hunter@easy,58,0,0,0,0,0,0,16
exp04_control_s2_it750,bun.hunter@easy,59,0,0,1,0,0,1,11
exp04_control_s2_it750,bun.hunter@easy,60,0,0,0,0,0,0,15
exp04_control_s2_it750,bun.hunter@easy,61,0,1,0,0,0,1,11
exp04_control_s2_it750,bun.hunter@easy,62,0,0,0,0,0,0,17
exp04_control_s2_it750,bun.hunter@easy,63,0,0,0,0,0,0,16
exp04_control_s2_final,bun.tactical_v2,0,0,0,0,0,0,0,1
exp04_control_s2_final,bun.tactical_v2,1,0,0,0,0,0,0,5
exp04_control_s2_final,bun.tactical_v2,2,0,0,0,1,0,1,10
exp04_control_s2_final,bun.tactical_v2,3,0,0,0,0,0,0,7
exp04_control_s2_final,bun.tactical_v2,4,0,0,0,0,0,0,8
exp04_control_s2_final,bun.tactical_v2,5,0,0,0,0,0,0,1
exp04_control_s2_final,bun.tactical_v2,6,0,0,0,0,0,0,5
exp04_control_s2_final,bun.tactical_v2,7,0,0,0,0,0,0,2
exp04_control_s2_final,bun.tactical_v2,8,0,0,0,0,0,0,3
exp04_control_s2_final,bun.tactical_v2,9,0,0,0,0,0,0,1
exp04_control_s2_final,bun.tactical_v2,10,0,0,0,0,0,0,2
exp04_control_s2_final,bun.tactical_v2,11,0,0,0,0,0,0,8
exp04_control_s2_final,bun.tactical_v2,12,1,0,0,0,1,0,5
exp04_control_s2_final,bun.tactical_v2,13,0,0,0,0,0,0,7
exp04_control_s2_final,bun.tactical_v2,14,0,0,0,0,0,0,4
exp04_control_s2_final,bun.tactical_v2,15,0,0,0,0,0,0,9
exp04_control_s2_final,bun.tactical_v2,16,0,0,0,0,0,0,2
exp04_control_s2_final,bun.tactical_v2,17,1,0,0,0,1,0,9
exp04_control_s2_final,bun.tactical_v2,18,0,0,0,0,0,0,3
exp04_control_s2_final,bun.tactical_v2,19,1,0,0,0,1,0,4
exp04_control_s2_final,bun.tactical_v2,20,1,0,0,0,1,0,6
exp04_control_s2_final,bun.tactical_v2,21,0,0,0,0,0,0,8
exp04_control_s2_final,bun.tactical_v2,22,0,0,1,0,0,1,23
exp04_control_s2_final,bun.tactical_v2,23,0,0,0,0,0,0,2
exp04_control_s2_final,bun.tactical_v2,24,0,0,0,1,0,1,21
exp04_control_s2_final,bun.tactical_v2,25,0,0,0,0,0,0,3
exp04_control_s2_final,bun.tactical_v2,26,0,0,0,0,0,0,1
exp04_control_s2_final,bun.tactical_v2,27,0,0,0,0,0,0,1
exp04_control_s2_final,bun.tactical_v2,28,0,0,0,0,0,0,1
exp04_control_s2_final,bun.tactical_v2,29,1,0,0,0,1,0,7
exp04_control_s2_final,bun.tactical_v2,30,0,0,0,0,0,0,8
exp04_control_s2_final,bun.tactical_v2,31,0,0,0,0,0,0,9
exp04_control_s2_final,bun.tactical_v2,32,0,1,0,0,0,1,4
exp04_control_s2_final,bun.tactical_v2,33,0,0,0,0,0,0,2
exp04_control_s2_final,bun.tactical_v2,34,0,0,0,0,0,0,5
exp04_control_s2_final,bun.tactical_v2,35,0,0,0,0,0,0,5
exp04_control_s2_final,bun.tactical_v2,36,0,0,0,0,0,0,8
exp04_control_s2_final,bun.tactical_v2,37,0,0,0,0,0,0,3
exp04_control_s2_final,bun.tactical_v2,38,0,0,0,0,0,0,2
exp04_control_s2_final,bun.tactical_v2,39,0,0,0,0,0,0,6
exp04_control_s2_final,bun.tactical_v2,40,0,0,0,0,0,0,7
exp04_control_s2_final,bun.tactical_v2,41,0,0,0,0,0,0,6
exp04_control_s2_final,bun.tactical_v2,42,1,0,0,0,1,0,8
exp04_control_s2_final,bun.tactical_v2,43,0,0,0,0,0,0,2
exp04_control_s2_final,bun.tactical_v2,44,0,0,0,0,0,0,6
exp04_control_s2_final,bun.tactical_v2,45,1,0,0,0,1,0,7
exp04_control_s2_final,bun.tactical_v2,46,0,0,0,0,0,0,9
exp04_control_s2_final,bun.tactical_v2,47,0,0,0,0,0,0,1
exp04_control_s2_final,bun.tactical_v2,48,0,0,0,0,0,0,6
exp04_control_s2_final,bun.tactical_v2,49,1,0,0,0,1,0,8
exp04_control_s2_final,bun.tactical_v2,50,0,0,0,0,0,0,3
exp04_control_s2_final,bun.tactical_v2,51,1,0,0,0,1,0,9
exp04_control_s2_final,bun.tactical_v2,52,0,0,0,0,0,0,9
exp04_control_s2_final,bun.tactical_v2,53,1,0,0,0,1,0,7
exp04_control_s2_final,bun.tactical_v2,54,0,0,0,1,0,1,6
exp04_control_s2_final,bun.tactical_v2,55,1,0,0,0,1,0,5
exp04_control_s2_final,bun.tactical_v2,56,0,0,0,0,0,0,2
exp04_control_s2_final,bun.tactical_v2,57,0,0,0,1,0,1,8
exp04_control_s2_final,bun.tactical_v2,58,0,0,1,0,0,1,28
exp04_control_s2_final,bun.tactical_v2,59,0,0,0,0,0,0,2
exp04_control_s2_final,bun.tactical_v2,60,0,0,0,0,0,0,2
exp04_control_s2_final,bun.tactical_v2,61,0,0,0,0,0,0,5
exp04_control_s2_final,bun.tactical_v2,62,1,0,0,0,1,0,7
exp04_control_s2_final,bun.tactical_v2,63,0,0,0,0,0,0,2
exp04_control_s2_final,bun.hunter@hard,0,0,0,1,0,0,1,7
exp04_control_s2_final,bun.hunter@hard,1,0,0,0,0,0,0,7
exp04_control_s2_final,bun.hunter@hard,2,0,0,1,0,0,1,6
exp04_control_s2_final,bun.hunter@hard,3,0,1,0,0,0,1,3
exp04_control_s2_final,bun.hunter@hard,4,0,0,0,0,0,0,4
exp04_control_s2_final,bun.hunter@hard,5,0,0,0,0,0,0,9
exp04_control_s2_final,bun.hunter@hard,6,0,0,0,0,0,0,7
exp04_control_s2_final,bun.hunter@hard,7,0,0,0,0,0,0,3
exp04_control_s2_final,bun.hunter@hard,8,0,0,0,0,0,0,10
exp04_control_s2_final,bun.hunter@hard,9,0,0,0,0,0,0,9
exp04_control_s2_final,bun.hunter@hard,10,0,0,0,0,0,0,8
exp04_control_s2_final,bun.hunter@hard,11,0,0,0,0,0,0,6
exp04_control_s2_final,bun.hunter@hard,12,0,0,0,0,0,0,5
exp04_control_s2_final,bun.hunter@hard,13,0,0,0,0,0,0,10
exp04_control_s2_final,bun.hunter@hard,14,0,0,0,0,0,0,7
exp04_control_s2_final,bun.hunter@hard,15,0,0,1,0,0,1,4
exp04_control_s2_final,bun.hunter@hard,16,0,0,0,0,0,0,11
exp04_control_s2_final,bun.hunter@hard,17,0,0,0,0,0,0,5
exp04_control_s2_final,bun.hunter@hard,18,0,1,0,0,0,1,2
exp04_control_s2_final,bun.hunter@hard,19,0,0,0,0,0,0,9
exp04_control_s2_final,bun.hunter@hard,20,0,0,1,0,0,1,7
exp04_control_s2_final,bun.hunter@hard,21,0,0,0,0,0,0,4
exp04_control_s2_final,bun.hunter@hard,22,0,0,0,0,0,0,9
exp04_control_s2_final,bun.hunter@hard,23,0,0,0,0,0,0,5
exp04_control_s2_final,bun.hunter@hard,24,0,0,0,0,0,0,3
exp04_control_s2_final,bun.hunter@hard,25,0,0,1,0,0,1,3
exp04_control_s2_final,bun.hunter@hard,26,0,0,0,0,0,0,9
exp04_control_s2_final,bun.hunter@hard,27,0,0,0,0,0,0,9
exp04_control_s2_final,bun.hunter@hard,28,0,0,0,0,0,0,3
exp04_control_s2_final,bun.hunter@hard,29,0,0,0,0,0,0,7
exp04_control_s2_final,bun.hunter@hard,30,0,0,0,0,0,0,1
exp04_control_s2_final,bun.hunter@hard,31,0,0,1,0,0,1,4
exp04_control_s2_final,bun.hunter@hard,32,0,0,1,0,0,1,4
exp04_control_s2_final,bun.hunter@hard,33,0,0,0,0,0,0,8
exp04_control_s2_final,bun.hunter@hard,34,0,0,1,0,0,1,6
exp04_control_s2_final,bun.hunter@hard,35,0,0,0,0,0,0,10
exp04_control_s2_final,bun.hunter@hard,36,0,0,0,0,0,0,6
exp04_control_s2_final,bun.hunter@hard,37,0,0,0,0,0,0,2
exp04_control_s2_final,bun.hunter@hard,38,0,0,0,0,0,0,4
exp04_control_s2_final,bun.hunter@hard,39,0,0,1,0,0,1,5
exp04_control_s2_final,bun.hunter@hard,40,0,0,0,0,0,0,11
exp04_control_s2_final,bun.hunter@hard,41,0,0,0,0,0,0,1
exp04_control_s2_final,bun.hunter@hard,42,0,0,0,0,0,0,5
exp04_control_s2_final,bun.hunter@hard,43,0,0,0,0,0,0,3
exp04_control_s2_final,bun.hunter@hard,44,0,0,1,0,0,1,6
exp04_control_s2_final,bun.hunter@hard,45,0,0,0,0,0,0,9
exp04_control_s2_final,bun.hunter@hard,46,0,0,1,0,0,1,4
exp04_control_s2_final,bun.hunter@hard,47,0,0,1,0,0,1,7
exp04_control_s2_final,bun.hunter@hard,48,0,0,0,0,0,0,5
exp04_control_s2_final,bun.hunter@hard,49,0,0,0,0,0,0,8
exp04_control_s2_final,bun.hunter@hard,50,0,0,0,0,0,0,3
exp04_control_s2_final,bun.hunter@hard,51,0,0,0,0,0,0,8
exp04_control_s2_final,bun.hunter@hard,52,0,0,0,0,0,0,7
exp04_control_s2_final,bun.hunter@hard,53,0,0,0,0,0,0,3
exp04_control_s2_final,bun.hunter@hard,54,0,1,0,0,0,1,7
exp04_control_s2_final,bun.hunter@hard,55,0,1,0,0,0,1,3
exp04_control_s2_final,bun.hunter@hard,56,0,0,0,0,0,0,3
exp04_control_s2_final,bun.hunter@hard,57,0,0,0,0,0,0,8
exp04_control_s2_final,bun.hunter@hard,58,0,0,0,0,0,0,10
exp04_control_s2_final,bun.hunter@hard,59,0,0,0,0,0,0,5
exp04_control_s2_final,bun.hunter@hard,60,0,0,0,0,0,0,11
exp04_control_s2_final,bun.hunter@hard,61,0,0,0,0,0,0,4
exp04_control_s2_final,bun.hunter@hard,62,0,0,0,0,0,0,9
exp04_control_s2_final,bun.hunter@hard,63,0,0,0,0,0,0,2
exp04_control_s2_final,bun.hunter@normal,0,0,0,0,0,0,0,5
exp04_control_s2_final,bun.hunter@normal,1,0,0,0,0,0,0,12
exp04_control_s2_final,bun.hunter@normal,2,0,0,0,0,0,0,3
exp04_control_s2_final,bun.hunter@normal,3,0,1,0,0,0,1,4
exp04_control_s2_final,bun.hunter@normal,4,0,0,0,0,0,0,6
exp04_control_s2_final,bun.hunter@normal,5,0,0,0,0,0,0,8
exp04_control_s2_final,bun.hunter@normal,6,0,0,0,0,0,0,8
exp04_control_s2_final,bun.hunter@normal,7,0,0,0,0,0,0,3
exp04_control_s2_final,bun.hunter@normal,8,0,0,1,0,0,1,4
exp04_control_s2_final,bun.hunter@normal,9,0,0,0,0,0,0,7
exp04_control_s2_final,bun.hunter@normal,10,0,0,0,0,0,0,3
exp04_control_s2_final,bun.hunter@normal,11,0,0,0,0,0,0,10
exp04_control_s2_final,bun.hunter@normal,12,0,0,1,0,0,1,9
exp04_control_s2_final,bun.hunter@normal,13,0,0,0,0,0,0,8
exp04_control_s2_final,bun.hunter@normal,14,0,0,1,0,0,1,8
exp04_control_s2_final,bun.hunter@normal,15,0,0,0,0,0,0,8
exp04_control_s2_final,bun.hunter@normal,16,0,0,0,0,0,0,3
exp04_control_s2_final,bun.hunter@normal,17,0,0,0,0,0,0,6
exp04_control_s2_final,bun.hunter@normal,18,0,0,0,0,0,0,8
exp04_control_s2_final,bun.hunter@normal,19,0,0,0,0,0,0,11
exp04_control_s2_final,bun.hunter@normal,20,0,0,0,0,0,0,9
exp04_control_s2_final,bun.hunter@normal,21,0,0,0,0,0,0,8
exp04_control_s2_final,bun.hunter@normal,22,0,1,0,0,0,1,8
exp04_control_s2_final,bun.hunter@normal,23,0,1,0,0,0,1,7
exp04_control_s2_final,bun.hunter@normal,24,0,0,0,0,0,0,4
exp04_control_s2_final,bun.hunter@normal,25,0,0,1,0,0,1,7
exp04_control_s2_final,bun.hunter@normal,26,0,0,0,0,0,0,11
exp04_control_s2_final,bun.hunter@normal,27,0,0,0,0,0,0,10
exp04_control_s2_final,bun.hunter@normal,28,0,0,0,0,0,0,2
exp04_control_s2_final,bun.hunter@normal,29,0,0,0,0,0,0,8
exp04_control_s2_final,bun.hunter@normal,30,0,0,0,0,0,0,2
exp04_control_s2_final,bun.hunter@normal,31,0,0,1,0,0,1,7
exp04_control_s2_final,bun.hunter@normal,32,0,0,0,0,0,0,9
exp04_control_s2_final,bun.hunter@normal,33,0,0,0,0,0,0,7
exp04_control_s2_final,bun.hunter@normal,34,0,0,0,0,0,0,10
exp04_control_s2_final,bun.hunter@normal,35,0,0,0,0,0,0,9
exp04_control_s2_final,bun.hunter@normal,36,0,0,0,0,0,0,11
exp04_control_s2_final,bun.hunter@normal,37,0,0,0,0,0,0,8
exp04_control_s2_final,bun.hunter@normal,38,0,1,0,0,0,1,7
exp04_control_s2_final,bun.hunter@normal,39,0,0,1,0,0,1,6
exp04_control_s2_final,bun.hunter@normal,40,0,0,0,0,0,0,8
exp04_control_s2_final,bun.hunter@normal,41,0,0,0,0,0,0,15
exp04_control_s2_final,bun.hunter@normal,42,0,0,0,0,0,0,5
exp04_control_s2_final,bun.hunter@normal,43,0,0,0,0,0,0,3
exp04_control_s2_final,bun.hunter@normal,44,0,0,0,0,0,0,9
exp04_control_s2_final,bun.hunter@normal,45,0,0,0,0,0,0,9
exp04_control_s2_final,bun.hunter@normal,46,0,0,0,0,0,0,11
exp04_control_s2_final,bun.hunter@normal,47,0,0,0,0,0,0,4
exp04_control_s2_final,bun.hunter@normal,48,0,0,0,0,0,0,7
exp04_control_s2_final,bun.hunter@normal,49,0,0,0,0,0,0,11
exp04_control_s2_final,bun.hunter@normal,50,0,0,0,0,0,0,3
exp04_control_s2_final,bun.hunter@normal,51,0,0,0,0,0,0,11
exp04_control_s2_final,bun.hunter@normal,52,0,0,0,0,0,0,11
exp04_control_s2_final,bun.hunter@normal,53,0,0,0,0,0,0,9
exp04_control_s2_final,bun.hunter@normal,54,0,0,0,0,0,0,7
exp04_control_s2_final,bun.hunter@normal,55,0,1,0,0,0,1,5
exp04_control_s2_final,bun.hunter@normal,56,0,0,0,0,0,0,3
exp04_control_s2_final,bun.hunter@normal,57,0,0,0,0,0,0,5
exp04_control_s2_final,bun.hunter@normal,58,0,0,1,0,0,1,6
exp04_control_s2_final,bun.hunter@normal,59,0,0,0,0,0,0,2
exp04_control_s2_final,bun.hunter@normal,60,0,0,0,0,0,0,3
exp04_control_s2_final,bun.hunter@normal,61,0,0,1,0,0,1,3
exp04_control_s2_final,bun.hunter@normal,62,0,0,0,0,0,0,11
exp04_control_s2_final,bun.hunter@normal,63,0,0,0,0,0,0,4
exp04_control_s2_final,bun.hunter@easy,0,0,1,0,0,0,1,6
exp04_control_s2_final,bun.hunter@easy,1,0,0,0,0,0,0,10
exp04_control_s2_final,bun.hunter@easy,2,0,0,0,0,0,0,10
exp04_control_s2_final,bun.hunter@easy,3,0,0,0,0,0,0,7
exp04_control_s2_final,bun.hunter@easy,4,0,0,0,0,0,0,12
exp04_control_s2_final,bun.hunter@easy,5,1,0,0,0,1,0,5
exp04_control_s2_final,bun.hunter@easy,6,0,0,1,1,0,1,9
exp04_control_s2_final,bun.hunter@easy,7,1,0,0,0,1,0,7
exp04_control_s2_final,bun.hunter@easy,8,0,0,0,0,0,0,10
exp04_control_s2_final,bun.hunter@easy,9,0,1,0,0,0,1,9
exp04_control_s2_final,bun.hunter@easy,10,0,0,0,0,0,0,6
exp04_control_s2_final,bun.hunter@easy,11,0,0,0,0,0,0,8
exp04_control_s2_final,bun.hunter@easy,12,0,0,1,0,0,1,8
exp04_control_s2_final,bun.hunter@easy,13,0,0,0,0,0,0,13
exp04_control_s2_final,bun.hunter@easy,14,0,0,0,0,0,0,8
exp04_control_s2_final,bun.hunter@easy,15,0,0,0,0,0,0,9
exp04_control_s2_final,bun.hunter@easy,16,1,0,0,0,1,0,5
exp04_control_s2_final,bun.hunter@easy,17,0,0,0,0,0,0,12
exp04_control_s2_final,bun.hunter@easy,18,0,0,1,0,0,1,6
exp04_control_s2_final,bun.hunter@easy,19,0,0,0,0,0,0,7
exp04_control_s2_final,bun.hunter@easy,20,0,0,0,0,0,0,10
exp04_control_s2_final,bun.hunter@easy,21,0,1,0,0,0,1,11
exp04_control_s2_final,bun.hunter@easy,22,0,0,0,0,0,0,15
exp04_control_s2_final,bun.hunter@easy,23,0,0,0,0,0,0,4
exp04_control_s2_final,bun.hunter@easy,24,0,0,0,0,0,0,6
exp04_control_s2_final,bun.hunter@easy,25,0,0,0,0,0,0,5
exp04_control_s2_final,bun.hunter@easy,26,1,0,0,0,1,0,3
exp04_control_s2_final,bun.hunter@easy,27,0,0,1,0,0,1,9
exp04_control_s2_final,bun.hunter@easy,28,1,0,0,0,1,0,9
exp04_control_s2_final,bun.hunter@easy,29,0,0,0,0,0,0,7
exp04_control_s2_final,bun.hunter@easy,30,0,0,0,0,0,0,15
exp04_control_s2_final,bun.hunter@easy,31,1,1,0,0,0,0,7
exp04_control_s2_final,bun.hunter@easy,32,0,0,1,0,0,1,9
exp04_control_s2_final,bun.hunter@easy,33,0,0,0,0,0,0,11
exp04_control_s2_final,bun.hunter@easy,34,0,0,0,0,0,0,11
exp04_control_s2_final,bun.hunter@easy,35,0,1,0,0,0,1,8
exp04_control_s2_final,bun.hunter@easy,36,0,0,0,0,0,0,11
exp04_control_s2_final,bun.hunter@easy,37,0,0,0,0,0,0,8
exp04_control_s2_final,bun.hunter@easy,38,0,1,0,0,0,1,8
exp04_control_s2_final,bun.hunter@easy,39,0,0,1,0,0,1,9
exp04_control_s2_final,bun.hunter@easy,40,0,0,0,0,0,0,10
exp04_control_s2_final,bun.hunter@easy,41,0,0,0,0,0,0,4
exp04_control_s2_final,bun.hunter@easy,42,1,0,0,0,1,0,7
exp04_control_s2_final,bun.hunter@easy,43,0,0,0,0,0,0,10
exp04_control_s2_final,bun.hunter@easy,44,0,0,0,0,0,0,13
exp04_control_s2_final,bun.hunter@easy,45,0,0,0,0,0,0,10
exp04_control_s2_final,bun.hunter@easy,46,0,1,0,0,0,1,7
exp04_control_s2_final,bun.hunter@easy,47,0,1,0,0,0,1,6
exp04_control_s2_final,bun.hunter@easy,48,0,0,0,0,0,0,4
exp04_control_s2_final,bun.hunter@easy,49,0,1,0,0,0,1,5
exp04_control_s2_final,bun.hunter@easy,50,0,0,0,0,0,0,4
exp04_control_s2_final,bun.hunter@easy,51,0,0,1,0,0,1,8
exp04_control_s2_final,bun.hunter@easy,52,0,0,1,0,0,1,10
exp04_control_s2_final,bun.hunter@easy,53,0,0,0,0,0,0,15
exp04_control_s2_final,bun.hunter@easy,54,1,0,0,0,1,0,10
exp04_control_s2_final,bun.hunter@easy,55,0,0,0,1,0,1,6
exp04_control_s2_final,bun.hunter@easy,56,0,0,0,0,0,0,5
exp04_control_s2_final,bun.hunter@easy,57,0,1,0,0,0,1,6
exp04_control_s2_final,bun.hunter@easy,58,0,0,0,0,0,0,13
exp04_control_s2_final,bun.hunter@easy,59,0,0,0,0,0,0,10
exp04_control_s2_final,bun.hunter@easy,60,0,0,0,0,0,0,4
exp04_control_s2_final,bun.hunter@easy,61,0,0,1,0,0,1,5
exp04_control_s2_final,bun.hunter@easy,62,1,0,0,0,1,0,6
exp04_control_s2_final,bun.hunter@easy,63,0,0,0,0,0,0,5
exp04_scenario_s2_it750,bun.tactical_v2,0,0,0,0,0,0,0,12
exp04_scenario_s2_it750,bun.tactical_v2,1,1,0,0,0,1,0,15
exp04_scenario_s2_it750,bun.tactical_v2,2,0,0,0,0,0,0,8
exp04_scenario_s2_it750,bun.tactical_v2,3,0,0,0,0,0,0,6
exp04_scenario_s2_it750,bun.tactical_v2,4,0,0,0,0,0,0,14
exp04_scenario_s2_it750,bun.tactical_v2,5,0,0,0,0,0,0,14
exp04_scenario_s2_it750,bun.tactical_v2,6,1,0,0,0,1,0,15
exp04_scenario_s2_it750,bun.tactical_v2,7,1,0,0,0,1,0,15
exp04_scenario_s2_it750,bun.tactical_v2,8,0,0,0,0,0,0,10
exp04_scenario_s2_it750,bun.tactical_v2,9,0,0,0,0,0,0,13
exp04_scenario_s2_it750,bun.tactical_v2,10,0,0,0,0,0,0,2
exp04_scenario_s2_it750,bun.tactical_v2,11,1,0,0,0,1,0,16
exp04_scenario_s2_it750,bun.tactical_v2,12,0,0,0,0,0,0,16
exp04_scenario_s2_it750,bun.tactical_v2,13,1,0,0,0,1,0,11
exp04_scenario_s2_it750,bun.tactical_v2,14,1,0,0,0,1,0,13
exp04_scenario_s2_it750,bun.tactical_v2,15,0,0,0,0,0,0,15
exp04_scenario_s2_it750,bun.tactical_v2,16,0,0,0,0,0,0,16
exp04_scenario_s2_it750,bun.tactical_v2,17,0,0,0,0,0,0,13
exp04_scenario_s2_it750,bun.tactical_v2,18,0,0,0,0,0,0,4
exp04_scenario_s2_it750,bun.tactical_v2,19,0,0,0,0,0,0,17
exp04_scenario_s2_it750,bun.tactical_v2,20,1,0,0,0,1,0,15
exp04_scenario_s2_it750,bun.tactical_v2,21,0,0,0,0,0,0,17
exp04_scenario_s2_it750,bun.tactical_v2,22,0,0,0,0,0,0,16
exp04_scenario_s2_it750,bun.tactical_v2,23,1,0,0,0,1,0,14
exp04_scenario_s2_it750,bun.tactical_v2,24,0,0,0,0,0,0,10
exp04_scenario_s2_it750,bun.tactical_v2,25,0,0,0,0,0,0,12
exp04_scenario_s2_it750,bun.tactical_v2,26,0,0,0,0,0,0,14
exp04_scenario_s2_it750,bun.tactical_v2,27,0,0,0,0,0,0,13
exp04_scenario_s2_it750,bun.tactical_v2,28,0,0,0,0,0,0,4
exp04_scenario_s2_it750,bun.tactical_v2,29,0,0,0,0,0,0,10
exp04_scenario_s2_it750,bun.tactical_v2,30,1,0,0,0,1,0,16
exp04_scenario_s2_it750,bun.tactical_v2,31,0,0,0,0,0,0,15
exp04_scenario_s2_it750,bun.tactical_v2,32,1,0,0,0,1,0,7
exp04_scenario_s2_it750,bun.tactical_v2,33,0,0,0,0,0,0,16
exp04_scenario_s2_it750,bun.tactical_v2,34,0,0,0,0,0,0,16
exp04_scenario_s2_it750,bun.tactical_v2,35,0,0,1,0,0,1,10
exp04_scenario_s2_it750,bun.tactical_v2,36,1,0,0,0,1,0,16
exp04_scenario_s2_it750,bun.tactical_v2,37,0,0,0,0,0,0,9
exp04_scenario_s2_it750,bun.tactical_v2,38,0,0,0,0,0,0,16
exp04_scenario_s2_it750,bun.tactical_v2,39,0,0,0,0,0,0,17
exp04_scenario_s2_it750,bun.tactical_v2,40,1,0,0,0,1,0,16
exp04_scenario_s2_it750,bun.tactical_v2,41,0,0,0,0,0,0,6
exp04_scenario_s2_it750,bun.tactical_v2,42,0,0,0,0,0,0,18
exp04_scenario_s2_it750,bun.tactical_v2,43,1,0,0,0,1,0,15
exp04_scenario_s2_it750,bun.tactical_v2,44,1,0,0,0,1,0,11
exp04_scenario_s2_it750,bun.tactical_v2,45,0,0,0,0,0,0,16
exp04_scenario_s2_it750,bun.tactical_v2,46,0,0,0,0,0,0,15
exp04_scenario_s2_it750,bun.tactical_v2,47,0,0,0,0,0,0,12
exp04_scenario_s2_it750,bun.tactical_v2,48,0,0,0,0,0,0,12
exp04_scenario_s2_it750,bun.tactical_v2,49,0,0,0,0,0,0,13
exp04_scenario_s2_it750,bun.tactical_v2,50,0,0,0,0,0,0,4
exp04_scenario_s2_it750,bun.tactical_v2,51,0,0,0,0,0,0,17
exp04_scenario_s2_it750,bun.tactical_v2,52,0,0,0,0,0,0,9
exp04_scenario_s2_it750,bun.tactical_v2,53,0,0,0,0,0,0,7
exp04_scenario_s2_it750,bun.tactical_v2,54,1,0,0,0,1,0,14
exp04_scenario_s2_it750,bun.tactical_v2,55,0,0,0,0,0,0,11
exp04_scenario_s2_it750,bun.tactical_v2,56,0,0,0,0,0,0,7
exp04_scenario_s2_it750,bun.tactical_v2,57,1,0,0,0,1,0,16
exp04_scenario_s2_it750,bun.tactical_v2,58,0,0,0,0,0,0,13
exp04_scenario_s2_it750,bun.tactical_v2,59,0,0,0,0,0,0,15
exp04_scenario_s2_it750,bun.tactical_v2,60,0,0,0,0,0,0,16
exp04_scenario_s2_it750,bun.tactical_v2,61,0,0,0,0,0,0,13
exp04_scenario_s2_it750,bun.tactical_v2,62,0,0,0,0,0,0,16
exp04_scenario_s2_it750,bun.tactical_v2,63,0,0,0,0,0,0,13
exp04_scenario_s2_it750,bun.hunter@hard,0,0,0,0,0,0,0,14
exp04_scenario_s2_it750,bun.hunter@hard,1,0,0,0,0,0,0,14
exp04_scenario_s2_it750,bun.hunter@hard,2,0,0,0,0,0,0,13
exp04_scenario_s2_it750,bun.hunter@hard,3,0,0,0,0,0,0,13
exp04_scenario_s2_it750,bun.hunter@hard,4,0,0,0,0,0,0,12
exp04_scenario_s2_it750,bun.hunter@hard,5,0,0,0,0,0,0,16
exp04_scenario_s2_it750,bun.hunter@hard,6,0,0,0,0,0,0,14
exp04_scenario_s2_it750,bun.hunter@hard,7,0,1,0,0,0,1,11
exp04_scenario_s2_it750,bun.hunter@hard,8,0,0,0,0,0,0,10
exp04_scenario_s2_it750,bun.hunter@hard,9,0,0,0,0,0,0,17
exp04_scenario_s2_it750,bun.hunter@hard,10,0,0,0,0,0,0,10
exp04_scenario_s2_it750,bun.hunter@hard,11,0,0,0,0,0,0,11
exp04_scenario_s2_it750,bun.hunter@hard,12,0,0,0,0,0,0,16
exp04_scenario_s2_it750,bun.hunter@hard,13,0,0,0,0,0,0,10
exp04_scenario_s2_it750,bun.hunter@hard,14,0,0,0,0,0,0,10
exp04_scenario_s2_it750,bun.hunter@hard,15,0,1,0,0,0,1,10
exp04_scenario_s2_it750,bun.hunter@hard,16,0,0,0,0,0,0,10
exp04_scenario_s2_it750,bun.hunter@hard,17,0,0,0,0,0,0,1
exp04_scenario_s2_it750,bun.hunter@hard,18,0,0,0,0,0,0,11
exp04_scenario_s2_it750,bun.hunter@hard,19,0,0,0,0,0,0,17
exp04_scenario_s2_it750,bun.hunter@hard,20,0,0,0,0,0,0,14
exp04_scenario_s2_it750,bun.hunter@hard,21,0,0,0,0,0,0,12
exp04_scenario_s2_it750,bun.hunter@hard,22,0,0,0,0,0,0,16
exp04_scenario_s2_it750,bun.hunter@hard,23,0,0,0,0,0,0,10
exp04_scenario_s2_it750,bun.hunter@hard,24,0,0,0,0,0,0,11
exp04_scenario_s2_it750,bun.hunter@hard,25,0,0,0,0,0,0,13
exp04_scenario_s2_it750,bun.hunter@hard,26,0,0,0,0,0,0,16
exp04_scenario_s2_it750,bun.hunter@hard,27,0,0,0,0,0,0,17
exp04_scenario_s2_it750,bun.hunter@hard,28,0,0,0,0,0,0,9
exp04_scenario_s2_it750,bun.hunter@hard,29,0,0,0,0,0,0,11
exp04_scenario_s2_it750,bun.hunter@hard,30,0,0,0,0,0,0,9
exp04_scenario_s2_it750,bun.hunter@hard,31,0,1,0,0,0,1,10
exp04_scenario_s2_it750,bun.hunter@hard,32,0,0,0,0,0,0,12
exp04_scenario_s2_it750,bun.hunter@hard,33,0,0,0,0,0,0,15
exp04_scenario_s2_it750,bun.hunter@hard,34,0,0,0,0,0,0,14
exp04_scenario_s2_it750,bun.hunter@hard,35,0,0,0,0,0,0,15
exp04_scenario_s2_it750,bun.hunter@hard,36,0,0,0,0,0,0,11
exp04_scenario_s2_it750,bun.hunter@hard,37,0,0,0,0,0,0,1
exp04_scenario_s2_it750,bun.hunter@hard,38,0,0,0,0,0,0,11
exp04_scenario_s2_it750,bun.hunter@hard,39,0,0,0,0,0,0,15
exp04_scenario_s2_it750,bun.hunter@hard,40,0,0,0,0,0,0,11
exp04_scenario_s2_it750,bun.hunter@hard,41,0,0,0,0,0,0,11
exp04_scenario_s2_it750,bun.hunter@hard,42,0,0,0,0,0,0,16
exp04_scenario_s2_it750,bun.hunter@hard,43,0,1,0,0,0,1,11
exp04_scenario_s2_it750,bun.hunter@hard,44,0,0,0,0,0,0,17
exp04_scenario_s2_it750,bun.hunter@hard,45,0,0,0,0,0,0,14
exp04_scenario_s2_it750,bun.hunter@hard,46,0,1,0,0,0,1,10
exp04_scenario_s2_it750,bun.hunter@hard,47,0,0,0,0,0,0,14
exp04_scenario_s2_it750,bun.hunter@hard,48,0,0,0,0,0,0,15
exp04_scenario_s2_it750,bun.hunter@hard,49,0,0,0,0,0,0,16
exp04_scenario_s2_it750,bun.hunter@hard,50,0,0,0,0,0,0,11
exp04_scenario_s2_it750,bun.hunter@hard,51,0,0,0,0,0,0,14
exp04_scenario_s2_it750,bun.hunter@hard,52,0,0,0,0,0,0,17
exp04_scenario_s2_it750,bun.hunter@hard,53,0,0,0,0,0,0,9
exp04_scenario_s2_it750,bun.hunter@hard,54,0,0,0,0,0,0,6
exp04_scenario_s2_it750,bun.hunter@hard,55,0,0,0,0,0,0,12
exp04_scenario_s2_it750,bun.hunter@hard,56,0,0,0,0,0,0,13
exp04_scenario_s2_it750,bun.hunter@hard,57,0,0,0,0,0,0,17
exp04_scenario_s2_it750,bun.hunter@hard,58,0,0,0,0,0,0,12
exp04_scenario_s2_it750,bun.hunter@hard,59,0,0,0,0,0,0,12
exp04_scenario_s2_it750,bun.hunter@hard,60,0,0,0,0,0,0,10
exp04_scenario_s2_it750,bun.hunter@hard,61,0,0,0,0,0,0,10
exp04_scenario_s2_it750,bun.hunter@hard,62,0,0,0,0,0,0,14
exp04_scenario_s2_it750,bun.hunter@hard,63,0,0,0,0,0,0,9
exp04_scenario_s2_it750,bun.hunter@normal,0,0,0,0,0,0,0,12
exp04_scenario_s2_it750,bun.hunter@normal,1,0,0,0,0,0,0,13
exp04_scenario_s2_it750,bun.hunter@normal,2,0,0,0,0,0,0,13
exp04_scenario_s2_it750,bun.hunter@normal,3,0,0,0,0,0,0,13
exp04_scenario_s2_it750,bun.hunter@normal,4,0,0,0,0,0,0,13
exp04_scenario_s2_it750,bun.hunter@normal,5,0,0,0,0,0,0,12
exp04_scenario_s2_it750,bun.hunter@normal,6,0,0,0,0,0,0,11
exp04_scenario_s2_it750,bun.hunter@normal,7,0,0,0,0,0,0,9
exp04_scenario_s2_it750,bun.hunter@normal,8,0,0,0,0,0,0,8
exp04_scenario_s2_it750,bun.hunter@normal,9,0,0,0,0,0,0,11
exp04_scenario_s2_it750,bun.hunter@normal,10,0,1,0,0,0,1,4
exp04_scenario_s2_it750,bun.hunter@normal,11,0,0,0,0,0,0,11
exp04_scenario_s2_it750,bun.hunter@normal,12,0,0,0,0,0,0,11
exp04_scenario_s2_it750,bun.hunter@normal,13,0,0,0,0,0,0,10
exp04_scenario_s2_it750,bun.hunter@normal,14,0,0,0,0,0,0,11
exp04_scenario_s2_it750,bun.hunter@normal,15,0,0,0,0,0,0,12
exp04_scenario_s2_it750,bun.hunter@normal,16,0,0,0,0,0,0,12
exp04_scenario_s2_it750,bun.hunter@normal,17,0,0,0,0,0,0,13
exp04_scenario_s2_it750,bun.hunter@normal,18,0,0,0,0,0,0,12
exp04_scenario_s2_it750,bun.hunter@normal,19,0,0,0,0,0,0,15
exp04_scenario_s2_it750,bun.hunter@normal,20,0,0,0,0,0,0,11
exp04_scenario_s2_it750,bun.hunter@normal,21,0,0,0,0,0,0,15
exp04_scenario_s2_it750,bun.hunter@normal,22,0,0,0,0,0,0,13
exp04_scenario_s2_it750,bun.hunter@normal,23,0,0,0,0,0,0,11
exp04_scenario_s2_it750,bun.hunter@normal,24,0,0,0,0,0,0,12
exp04_scenario_s2_it750,bun.hunter@normal,25,0,0,1,0,0,1,9
exp04_scenario_s2_it750,bun.hunter@normal,26,0,0,0,0,0,0,12
exp04_scenario_s2_it750,bun.hunter@normal,27,0,0,0,0,0,0,16
exp04_scenario_s2_it750,bun.hunter@normal,28,0,0,0,0,0,0,13
exp04_scenario_s2_it750,bun.hunter@normal,29,0,1,0,0,0,1,7
exp04_scenario_s2_it750,bun.hunter@normal,30,0,0,0,0,0,0,12
exp04_scenario_s2_it750,bun.hunter@normal,31,0,0,0,0,0,0,14
exp04_scenario_s2_it750,bun.hunter@normal,32,0,0,0,0,0,0,13
exp04_scenario_s2_it750,bun.hunter@normal,33,0,0,0,0,0,0,17
exp04_scenario_s2_it750,bun.hunter@normal,34,0,0,0,0,0,0,16
exp04_scenario_s2_it750,bun.hunter@normal,35,0,0,0,0,0,0,15
exp04_scenario_s2_it750,bun.hunter@normal,36,0,0,0,0,0,0,8
exp04_scenario_s2_it750,bun.hunter@normal,37,0,0,0,0,0,0,10
exp04_scenario_s2_it750,bun.hunter@normal,38,0,1,0,0,0,1,10
exp04_scenario_s2_it750,bun.hunter@normal,39,0,1,0,0,0,1,10
exp04_scenario_s2_it750,bun.hunter@normal,40,0,0,0,0,0,0,14
exp04_scenario_s2_it750,bun.hunter@normal,41,0,0,0,0,0,0,11
exp04_scenario_s2_it750,bun.hunter@normal,42,0,0,0,0,0,0,14
exp04_scenario_s2_it750,bun.hunter@normal,43,0,0,0,0,0,0,14
exp04_scenario_s2_it750,bun.hunter@normal,44,0,0,0,0,0,0,9
exp04_scenario_s2_it750,bun.hunter@normal,45,0,0,0,0,0,0,14
exp04_scenario_s2_it750,bun.hunter@normal,46,0,0,0,0,0,0,13
exp04_scenario_s2_it750,bun.hunter@normal,47,0,0,0,0,0,0,12
exp04_scenario_s2_it750,bun.hunter@normal,48,0,0,0,0,0,0,10
exp04_scenario_s2_it750,bun.hunter@normal,49,0,0,0,0,0,0,13
exp04_scenario_s2_it750,bun.hunter@normal,50,0,0,0,0,0,0,10
exp04_scenario_s2_it750,bun.hunter@normal,51,0,0,0,0,0,0,16
exp04_scenario_s2_it750,bun.hunter@normal,52,0,0,0,0,0,0,13
exp04_scenario_s2_it750,bun.hunter@normal,53,0,0,0,0,0,0,13
exp04_scenario_s2_it750,bun.hunter@normal,54,0,0,0,0,0,0,7
exp04_scenario_s2_it750,bun.hunter@normal,55,0,0,0,0,0,0,12
exp04_scenario_s2_it750,bun.hunter@normal,56,0,0,0,0,0,0,13
exp04_scenario_s2_it750,bun.hunter@normal,57,0,0,0,0,0,0,9
exp04_scenario_s2_it750,bun.hunter@normal,58,0,0,0,0,0,0,16
exp04_scenario_s2_it750,bun.hunter@normal,59,0,0,0,0,0,0,13
exp04_scenario_s2_it750,bun.hunter@normal,60,0,0,0,0,0,0,8
exp04_scenario_s2_it750,bun.hunter@normal,61,0,0,0,0,0,0,12
exp04_scenario_s2_it750,bun.hunter@normal,62,0,0,0,0,0,0,14
exp04_scenario_s2_it750,bun.hunter@normal,63,0,0,0,0,0,0,12
exp04_scenario_s2_it750,bun.hunter@easy,0,0,0,0,0,0,0,14
exp04_scenario_s2_it750,bun.hunter@easy,1,0,0,0,0,0,0,12
exp04_scenario_s2_it750,bun.hunter@easy,2,0,0,0,0,0,0,14
exp04_scenario_s2_it750,bun.hunter@easy,3,0,0,0,0,0,0,13
exp04_scenario_s2_it750,bun.hunter@easy,4,0,0,0,0,0,0,11
exp04_scenario_s2_it750,bun.hunter@easy,5,0,0,0,0,0,0,11
exp04_scenario_s2_it750,bun.hunter@easy,6,0,1,0,0,0,1,11
exp04_scenario_s2_it750,bun.hunter@easy,7,0,0,0,0,0,0,10
exp04_scenario_s2_it750,bun.hunter@easy,8,0,0,0,0,0,0,13
exp04_scenario_s2_it750,bun.hunter@easy,9,0,0,1,0,0,1,12
exp04_scenario_s2_it750,bun.hunter@easy,10,0,0,0,0,0,0,13
exp04_scenario_s2_it750,bun.hunter@easy,11,0,0,0,0,0,0,14
exp04_scenario_s2_it750,bun.hunter@easy,12,0,0,0,0,0,0,14
exp04_scenario_s2_it750,bun.hunter@easy,13,0,0,0,0,0,0,14
exp04_scenario_s2_it750,bun.hunter@easy,14,0,0,0,0,0,0,13
exp04_scenario_s2_it750,bun.hunter@easy,15,0,0,0,0,0,0,14
exp04_scenario_s2_it750,bun.hunter@easy,16,0,0,0,0,0,0,10
exp04_scenario_s2_it750,bun.hunter@easy,17,0,0,0,0,0,0,16
exp04_scenario_s2_it750,bun.hunter@easy,18,0,0,0,0,0,0,14
exp04_scenario_s2_it750,bun.hunter@easy,19,0,0,0,0,0,0,14
exp04_scenario_s2_it750,bun.hunter@easy,20,0,0,0,0,0,0,13
exp04_scenario_s2_it750,bun.hunter@easy,21,0,0,0,0,0,0,15
exp04_scenario_s2_it750,bun.hunter@easy,22,0,0,0,0,0,0,17
exp04_scenario_s2_it750,bun.hunter@easy,23,0,0,0,0,0,0,15
exp04_scenario_s2_it750,bun.hunter@easy,24,0,0,0,0,0,0,13
exp04_scenario_s2_it750,bun.hunter@easy,25,0,0,0,0,0,0,14
exp04_scenario_s2_it750,bun.hunter@easy,26,0,1,0,0,0,1,10
exp04_scenario_s2_it750,bun.hunter@easy,27,0,0,0,0,0,0,12
exp04_scenario_s2_it750,bun.hunter@easy,28,0,0,0,0,0,0,9
exp04_scenario_s2_it750,bun.hunter@easy,29,1,0,0,0,1,0,17
exp04_scenario_s2_it750,bun.hunter@easy,30,0,0,0,0,0,0,17
exp04_scenario_s2_it750,bun.hunter@easy,31,0,1,0,0,0,1,12
exp04_scenario_s2_it750,bun.hunter@easy,32,0,0,0,0,0,0,12
exp04_scenario_s2_it750,bun.hunter@easy,33,0,0,0,0,0,0,15
exp04_scenario_s2_it750,bun.hunter@easy,34,0,0,0,0,0,0,13
exp04_scenario_s2_it750,bun.hunter@easy,35,0,0,0,0,0,0,13
exp04_scenario_s2_it750,bun.hunter@easy,36,0,0,0,0,0,0,15
exp04_scenario_s2_it750,bun.hunter@easy,37,0,0,0,0,0,0,11
exp04_scenario_s2_it750,bun.hunter@easy,38,1,0,0,0,1,0,15
exp04_scenario_s2_it750,bun.hunter@easy,39,0,0,0,0,0,0,14
exp04_scenario_s2_it750,bun.hunter@easy,40,0,0,0,0,0,0,12
exp04_scenario_s2_it750,bun.hunter@easy,41,0,0,0,0,0,0,13
exp04_scenario_s2_it750,bun.hunter@easy,42,0,0,0,0,0,0,13
exp04_scenario_s2_it750,bun.hunter@easy,43,0,0,1,0,0,1,11
exp04_scenario_s2_it750,bun.hunter@easy,44,0,0,0,0,0,0,16
exp04_scenario_s2_it750,bun.hunter@easy,45,0,0,0,0,0,0,16
exp04_scenario_s2_it750,bun.hunter@easy,46,0,0,1,0,0,1,9
exp04_scenario_s2_it750,bun.hunter@easy,47,0,0,0,0,0,0,12
exp04_scenario_s2_it750,bun.hunter@easy,48,0,0,0,0,0,0,13
exp04_scenario_s2_it750,bun.hunter@easy,49,0,0,0,0,0,0,16
exp04_scenario_s2_it750,bun.hunter@easy,50,0,0,0,0,0,0,14
exp04_scenario_s2_it750,bun.hunter@easy,51,0,0,0,0,0,0,14
exp04_scenario_s2_it750,bun.hunter@easy,52,0,0,0,0,0,0,14
exp04_scenario_s2_it750,bun.hunter@easy,53,1,0,0,0,1,0,16
exp04_scenario_s2_it750,bun.hunter@easy,54,0,0,0,0,0,0,16
exp04_scenario_s2_it750,bun.hunter@easy,55,1,0,0,0,1,0,16
exp04_scenario_s2_it750,bun.hunter@easy,56,0,0,0,0,0,0,12
exp04_scenario_s2_it750,bun.hunter@easy,57,0,0,0,0,0,0,14
exp04_scenario_s2_it750,bun.hunter@easy,58,0,0,0,0,0,0,14
exp04_scenario_s2_it750,bun.hunter@easy,59,0,0,1,0,0,1,9
exp04_scenario_s2_it750,bun.hunter@easy,60,0,0,0,0,0,0,13
exp04_scenario_s2_it750,bun.hunter@easy,61,0,0,0,0,0,0,13
exp04_scenario_s2_it750,bun.hunter@easy,62,0,0,0,0,0,0,15
exp04_scenario_s2_it750,bun.hunter@easy,63,0,0,0,0,0,0,14
exp04_scenario_s2_final,bun.tactical_v2,0,0,0,0,0,0,0,9
exp04_scenario_s2_final,bun.tactical_v2,1,0,0,0,0,0,0,5
exp04_scenario_s2_final,bun.tactical_v2,2,0,0,0,0,0,0,9
exp04_scenario_s2_final,bun.tactical_v2,3,1,0,0,0,1,0,8
exp04_scenario_s2_final,bun.tactical_v2,4,0,0,0,0,0,0,6
exp04_scenario_s2_final,bun.tactical_v2,5,0,0,0,0,0,0,1
exp04_scenario_s2_final,bun.tactical_v2,6,0,0,0,0,0,0,5
exp04_scenario_s2_final,bun.tactical_v2,7,0,0,0,0,0,0,2
exp04_scenario_s2_final,bun.tactical_v2,8,1,0,0,0,1,0,7
exp04_scenario_s2_final,bun.tactical_v2,9,0,0,0,0,0,0,4
exp04_scenario_s2_final,bun.tactical_v2,10,0,0,1,0,0,1,6
exp04_scenario_s2_final,bun.tactical_v2,11,0,0,0,0,0,0,6
exp04_scenario_s2_final,bun.tactical_v2,12,0,1,0,0,0,1,8
exp04_scenario_s2_final,bun.tactical_v2,13,0,0,0,0,0,0,8
exp04_scenario_s2_final,bun.tactical_v2,14,1,0,0,0,1,0,13
exp04_scenario_s2_final,bun.tactical_v2,15,0,0,0,0,0,0,5
exp04_scenario_s2_final,bun.tactical_v2,16,0,0,0,0,0,0,11
exp04_scenario_s2_final,bun.tactical_v2,17,0,0,0,0,0,0,10
exp04_scenario_s2_final,bun.tactical_v2,18,0,0,0,0,0,0,9
exp04_scenario_s2_final,bun.tactical_v2,19,0,0,0,0,0,0,13
exp04_scenario_s2_final,bun.tactical_v2,20,0,0,0,0,0,0,1
exp04_scenario_s2_final,bun.tactical_v2,21,0,0,0,0,0,0,11
exp04_scenario_s2_final,bun.tactical_v2,22,1,0,0,0,1,0,12
exp04_scenario_s2_final,bun.tactical_v2,23,0,0,0,0,0,0,2
exp04_scenario_s2_final,bun.tactical_v2,24,0,0,0,0,0,0,6
exp04_scenario_s2_final,bun.tactical_v2,25,0,0,0,0,0,0,2
exp04_scenario_s2_final,bun.tactical_v2,26,0,0,0,0,0,0,1
exp04_scenario_s2_final,bun.tactical_v2,27,0,0,0,0,0,0,4
exp04_scenario_s2_final,bun.tactical_v2,28,0,0,0,0,0,0,10
exp04_scenario_s2_final,bun.tactical_v2,29,0,0,0,0,0,0,8
exp04_scenario_s2_final,bun.tactical_v2,30,0,0,0,0,0,0,8
exp04_scenario_s2_final,bun.tactical_v2,31,0,0,0,0,0,0,5
exp04_scenario_s2_final,bun.tactical_v2,32,0,0,0,0,0,0,4
exp04_scenario_s2_final,bun.tactical_v2,33,0,0,0,0,0,0,12
exp04_scenario_s2_final,bun.tactical_v2,34,0,0,0,0,0,0,2
exp04_scenario_s2_final,bun.tactical_v2,35,0,0,0,0,0,0,9
exp04_scenario_s2_final,bun.tactical_v2,36,0,0,0,0,0,0,6
exp04_scenario_s2_final,bun.tactical_v2,37,0,0,0,0,0,0,5
exp04_scenario_s2_final,bun.tactical_v2,38,1,0,0,0,1,0,12
exp04_scenario_s2_final,bun.tactical_v2,39,0,0,0,0,0,0,5
exp04_scenario_s2_final,bun.tactical_v2,40,0,0,0,0,0,0,2
exp04_scenario_s2_final,bun.tactical_v2,41,0,0,0,0,0,0,11
exp04_scenario_s2_final,bun.tactical_v2,42,1,0,0,0,1,0,8
exp04_scenario_s2_final,bun.tactical_v2,43,0,0,0,0,0,0,2
exp04_scenario_s2_final,bun.tactical_v2,44,0,0,0,0,0,0,7
exp04_scenario_s2_final,bun.tactical_v2,45,0,0,0,0,0,0,6
exp04_scenario_s2_final,bun.tactical_v2,46,0,0,0,0,0,0,5
exp04_scenario_s2_final,bun.tactical_v2,47,0,0,0,0,0,0,9
exp04_scenario_s2_final,bun.tactical_v2,48,0,0,0,0,0,0,8
exp04_scenario_s2_final,bun.tactical_v2,49,0,0,0,0,0,0,0
exp04_scenario_s2_final,bun.tactical_v2,50,0,0,0,0,0,0,2
exp04_scenario_s2_final,bun.tactical_v2,51,0,0,0,0,0,0,1
exp04_scenario_s2_final,bun.tactical_v2,52,0,1,0,0,0,1,7
exp04_scenario_s2_final,bun.tactical_v2,53,1,0,0,0,1,0,9
exp04_scenario_s2_final,bun.tactical_v2,54,1,0,0,0,1,0,9
exp04_scenario_s2_final,bun.tactical_v2,55,0,0,0,0,0,0,10
exp04_scenario_s2_final,bun.tactical_v2,56,0,0,0,0,0,0,6
exp04_scenario_s2_final,bun.tactical_v2,57,1,0,0,0,1,0,5
exp04_scenario_s2_final,bun.tactical_v2,58,0,0,0,0,0,0,2
exp04_scenario_s2_final,bun.tactical_v2,59,0,0,0,0,0,0,6
exp04_scenario_s2_final,bun.tactical_v2,60,0,0,0,0,0,0,11
exp04_scenario_s2_final,bun.tactical_v2,61,0,0,0,0,0,0,9
exp04_scenario_s2_final,bun.tactical_v2,62,0,0,0,0,0,0,6
exp04_scenario_s2_final,bun.tactical_v2,63,0,0,0,0,0,0,4
exp04_scenario_s2_final,bun.hunter@hard,0,0,0,0,0,0,0,8
exp04_scenario_s2_final,bun.hunter@hard,1,0,0,0,0,0,0,5
exp04_scenario_s2_final,bun.hunter@hard,2,0,0,0,0,0,0,8
exp04_scenario_s2_final,bun.hunter@hard,3,0,0,0,0,0,0,8
exp04_scenario_s2_final,bun.hunter@hard,4,0,0,0,0,0,0,8
exp04_scenario_s2_final,bun.hunter@hard,5,0,0,0,0,0,0,9
exp04_scenario_s2_final,bun.hunter@hard,6,0,0,0,0,0,0,5
exp04_scenario_s2_final,bun.hunter@hard,7,0,1,0,0,0,1,9
exp04_scenario_s2_final,bun.hunter@hard,8,0,0,0,0,0,0,8
exp04_scenario_s2_final,bun.hunter@hard,9,0,0,0,0,0,0,12
exp04_scenario_s2_final,bun.hunter@hard,10,0,0,0,0,0,0,3
exp04_scenario_s2_final,bun.hunter@hard,11,0,0,0,0,0,0,8
exp04_scenario_s2_final,bun.hunter@hard,12,0,0,0,0,0,0,12
exp04_scenario_s2_final,bun.hunter@hard,13,0,0,0,0,0,0,10
exp04_scenario_s2_final,bun.hunter@hard,14,0,0,0,0,0,0,9
exp04_scenario_s2_final,bun.hunter@hard,15,0,0,0,0,0,0,12
exp04_scenario_s2_final,bun.hunter@hard,16,0,0,0,0,0,0,9
exp04_scenario_s2_final,bun.hunter@hard,17,0,0,0,0,0,0,3
exp04_scenario_s2_final,bun.hunter@hard,18,0,0,0,0,0,0,11
exp04_scenario_s2_final,bun.hunter@hard,19,0,0,0,0,0,0,6
exp04_scenario_s2_final,bun.hunter@hard,20,0,0,0,0,0,0,5
exp04_scenario_s2_final,bun.hunter@hard,21,0,0,0,0,0,0,10
exp04_scenario_s2_final,bun.hunter@hard,22,0,0,0,0,0,0,8
exp04_scenario_s2_final,bun.hunter@hard,23,0,0,0,0,0,0,9
exp04_scenario_s2_final,bun.hunter@hard,24,0,0,0,0,0,0,10
exp04_scenario_s2_final,bun.hunter@hard,25,0,0,0,0,0,0,10
exp04_scenario_s2_final,bun.hunter@hard,26,0,0,0,0,0,0,9
exp04_scenario_s2_final,bun.hunter@hard,27,0,0,0,0,0,0,12
exp04_scenario_s2_final,bun.hunter@hard,28,0,1,0,0,0,1,3
exp04_scenario_s2_final,bun.hunter@hard,29,0,0,0,0,0,0,12
exp04_scenario_s2_final,bun.hunter@hard,30,0,0,0,0,0,0,10
exp04_scenario_s2_final,bun.hunter@hard,31,0,0,0,0,0,0,12
exp04_scenario_s2_final,bun.hunter@hard,32,0,0,0,0,0,0,10
exp04_scenario_s2_final,bun.hunter@hard,33,0,0,0,0,0,0,7
exp04_scenario_s2_final,bun.hunter@hard,34,0,0,0,0,0,0,11
exp04_scenario_s2_final,bun.hunter@hard,35,0,0,0,0,0,0,5
exp04_scenario_s2_final,bun.hunter@hard,36,0,0,0,0,0,0,8
exp04_scenario_s2_final,bun.hunter@hard,37,0,0,0,0,0,0,11
exp04_scenario_s2_final,bun.hunter@hard,38,0,0,0,0,0,0,10
exp04_scenario_s2_final,bun.hunter@hard,39,0,0,0,0,0,0,3
exp04_scenario_s2_final,bun.hunter@hard,40,0,0,0,0,0,0,7
exp04_scenario_s2_final,bun.hunter@hard,41,0,0,0,0,0,0,2
exp04_scenario_s2_final,bun.hunter@hard,42,0,0,0,0,0,0,10
exp04_scenario_s2_final,bun.hunter@hard,43,0,1,0,0,0,1,9
exp04_scenario_s2_final,bun.hunter@hard,44,0,0,0,0,0,0,10
exp04_scenario_s2_final,bun.hunter@hard,45,0,0,0,0,0,0,11
exp04_scenario_s2_final,bun.hunter@hard,46,0,0,0,0,0,0,12
exp04_scenario_s2_final,bun.hunter@hard,47,0,0,0,0,0,0,8
exp04_scenario_s2_final,bun.hunter@hard,48,0,0,0,0,0,0,10
exp04_scenario_s2_final,bun.hunter@hard,49,0,0,0,0,0,0,8
exp04_scenario_s2_final,bun.hunter@hard,50,0,0,0,0,0,0,9
exp04_scenario_s2_final,bun.hunter@hard,51,0,0,0,0,0,0,10
exp04_scenario_s2_final,bun.hunter@hard,52,0,0,0,0,0,0,11
exp04_scenario_s2_final,bun.hunter@hard,53,0,0,0,0,0,0,8
exp04_scenario_s2_final,bun.hunter@hard,54,0,0,0,0,0,0,8
exp04_scenario_s2_final,bun.hunter@hard,55,0,0,0,0,0,0,11
exp04_scenario_s2_final,bun.hunter@hard,56,0,0,0,0,0,0,8
exp04_scenario_s2_final,bun.hunter@hard,57,0,0,0,0,0,0,10
exp04_scenario_s2_final,bun.hunter@hard,58,0,0,0,0,0,0,13
exp04_scenario_s2_final,bun.hunter@hard,59,0,0,1,0,0,1,9
exp04_scenario_s2_final,bun.hunter@hard,60,0,0,0,0,0,0,9
exp04_scenario_s2_final,bun.hunter@hard,61,0,0,0,0,0,0,6
exp04_scenario_s2_final,bun.hunter@hard,62,0,0,0,0,0,0,11
exp04_scenario_s2_final,bun.hunter@hard,63,0,0,0,0,0,0,7
exp04_scenario_s2_final,bun.hunter@normal,0,0,0,0,0,0,0,9
exp04_scenario_s2_final,bun.hunter@normal,1,0,1,0,0,0,1,11
exp04_scenario_s2_final,bun.hunter@normal,2,0,0,0,0,0,0,11
exp04_scenario_s2_final,bun.hunter@normal,3,0,0,0,0,0,0,8
exp04_scenario_s2_final,bun.hunter@normal,4,0,0,0,0,0,0,9
exp04_scenario_s2_final,bun.hunter@normal,5,0,0,0,0,0,0,6
exp04_scenario_s2_final,bun.hunter@normal,6,0,0,0,0,0,0,10
exp04_scenario_s2_final,bun.hunter@normal,7,0,0,0,0,0,0,7
exp04_scenario_s2_final,bun.hunter@normal,8,0,0,0,0,0,0,7
exp04_scenario_s2_final,bun.hunter@normal,9,0,0,0,0,0,0,8
exp04_scenario_s2_final,bun.hunter@normal,10,0,0,0,0,0,0,11
exp04_scenario_s2_final,bun.hunter@normal,11,0,0,0,0,0,0,4
exp04_scenario_s2_final,bun.hunter@normal,12,0,1,0,0,0,1,7
exp04_scenario_s2_final,bun.hunter@normal,13,0,0,0,0,0,0,8
exp04_scenario_s2_final,bun.hunter@normal,14,0,0,0,0,0,0,9
exp04_scenario_s2_final,bun.hunter@normal,15,0,0,0,0,0,0,10
exp04_scenario_s2_final,bun.hunter@normal,16,0,0,0,0,0,0,9
exp04_scenario_s2_final,bun.hunter@normal,17,0,0,0,0,0,0,2
exp04_scenario_s2_final,bun.hunter@normal,18,0,0,0,0,0,0,5
exp04_scenario_s2_final,bun.hunter@normal,19,0,0,1,0,0,1,7
exp04_scenario_s2_final,bun.hunter@normal,20,0,0,0,0,0,0,8
exp04_scenario_s2_final,bun.hunter@normal,21,0,0,0,0,0,0,9
exp04_scenario_s2_final,bun.hunter@normal,22,0,0,0,0,0,0,13
exp04_scenario_s2_final,bun.hunter@normal,23,0,0,0,0,0,0,14
exp04_scenario_s2_final,bun.hunter@normal,24,0,0,0,0,0,0,7
exp04_scenario_s2_final,bun.hunter@normal,25,0,0,0,0,0,0,10
exp04_scenario_s2_final,bun.hunter@normal,26,0,0,0,0,0,0,10
exp04_scenario_s2_final,bun.hunter@normal,27,0,0,0,0,0,0,10
exp04_scenario_s2_final,bun.hunter@normal,28,0,1,1,0,0,1,9
exp04_scenario_s2_final,bun.hunter@normal,29,0,0,0,0,0,0,10
exp04_scenario_s2_final,bun.hunter@normal,30,0,0,0,0,0,0,12
exp04_scenario_s2_final,bun.hunter@normal,31,0,0,0,0,0,0,11
exp04_scenario_s2_final,bun.hunter@normal,32,0,0,0,0,0,0,12
exp04_scenario_s2_final,bun.hunter@normal,33,0,0,0,0,0,0,9
exp04_scenario_s2_final,bun.hunter@normal,34,0,0,0,0,0,0,12
exp04_scenario_s2_final,bun.hunter@normal,35,0,0,0,0,0,0,10
exp04_scenario_s2_final,bun.hunter@normal,36,0,0,0,0,0,0,7
exp04_scenario_s2_final,bun.hunter@normal,37,0,0,0,0,0,0,11
exp04_scenario_s2_final,bun.hunter@normal,38,0,0,0,0,0,0,12
exp04_scenario_s2_final,bun.hunter@normal,39,0,0,0,0,0,0,9
exp04_scenario_s2_final,bun.hunter@normal,40,0,0,0,0,0,0,6
exp04_scenario_s2_final,bun.hunter@normal,41,0,0,0,0,0,0,12
exp04_scenario_s2_final,bun.hunter@normal,42,0,0,0,0,0,0,10
exp04_scenario_s2_final,bun.hunter@normal,43,0,0,0,0,0,0,7
exp04_scenario_s2_final,bun.hunter@normal,44,0,0,0,0,0,0,8
exp04_scenario_s2_final,bun.hunter@normal,45,0,1,0,0,0,1,7
exp04_scenario_s2_final,bun.hunter@normal,46,0,0,0,0,0,0,7
exp04_scenario_s2_final,bun.hunter@normal,47,0,0,0,0,0,0,5
exp04_scenario_s2_final,bun.hunter@normal,48,0,0,0,0,0,0,10
exp04_scenario_s2_final,bun.hunter@normal,49,0,0,0,0,0,0,15
exp04_scenario_s2_final,bun.hunter@normal,50,0,0,1,0,0,1,5
exp04_scenario_s2_final,bun.hunter@normal,51,0,0,1,0,0,1,6
exp04_scenario_s2_final,bun.hunter@normal,52,0,0,0,0,0,0,11
exp04_scenario_s2_final,bun.hunter@normal,53,0,0,0,0,0,0,9
exp04_scenario_s2_final,bun.hunter@normal,54,0,0,0,0,0,0,7
exp04_scenario_s2_final,bun.hunter@normal,55,0,0,0,0,0,0,7
exp04_scenario_s2_final,bun.hunter@normal,56,0,0,0,0,0,0,13
exp04_scenario_s2_final,bun.hunter@normal,57,0,0,0,0,0,0,10
exp04_scenario_s2_final,bun.hunter@normal,58,0,0,0,0,0,0,9
exp04_scenario_s2_final,bun.hunter@normal,59,0,0,0,0,0,0,13
exp04_scenario_s2_final,bun.hunter@normal,60,0,0,0,0,0,0,9
exp04_scenario_s2_final,bun.hunter@normal,61,0,0,1,0,0,1,7
exp04_scenario_s2_final,bun.hunter@normal,62,0,1,0,0,0,1,7
exp04_scenario_s2_final,bun.hunter@normal,63,0,0,0,0,0,0,9
exp04_scenario_s2_final,bun.hunter@easy,0,0,0,0,0,0,0,9
exp04_scenario_s2_final,bun.hunter@easy,1,0,0,0,0,0,0,12
exp04_scenario_s2_final,bun.hunter@easy,2,0,0,0,0,0,0,8
exp04_scenario_s2_final,bun.hunter@easy,3,0,0,0,0,0,0,12
exp04_scenario_s2_final,bun.hunter@easy,4,0,0,0,0,0,0,11
exp04_scenario_s2_final,bun.hunter@easy,5,0,0,0,0,0,0,16
exp04_scenario_s2_final,bun.hunter@easy,6,0,0,0,0,0,0,9
exp04_scenario_s2_final,bun.hunter@easy,7,0,0,0,0,0,0,15
exp04_scenario_s2_final,bun.hunter@easy,8,0,0,0,0,0,0,15
exp04_scenario_s2_final,bun.hunter@easy,9,1,0,0,0,1,0,15
exp04_scenario_s2_final,bun.hunter@easy,10,0,0,0,0,0,0,13
exp04_scenario_s2_final,bun.hunter@easy,11,0,0,0,0,0,0,13
exp04_scenario_s2_final,bun.hunter@easy,12,0,0,0,0,0,0,11
exp04_scenario_s2_final,bun.hunter@easy,13,0,0,0,0,0,0,12
exp04_scenario_s2_final,bun.hunter@easy,14,1,0,0,0,1,0,10
exp04_scenario_s2_final,bun.hunter@easy,15,0,0,1,0,0,1,9
exp04_scenario_s2_final,bun.hunter@easy,16,0,0,0,0,0,0,9
exp04_scenario_s2_final,bun.hunter@easy,17,0,0,1,0,0,1,7
exp04_scenario_s2_final,bun.hunter@easy,18,0,0,0,0,0,0,13
exp04_scenario_s2_final,bun.hunter@easy,19,0,0,1,0,0,1,7
exp04_scenario_s2_final,bun.hunter@easy,20,0,0,0,0,0,0,16
exp04_scenario_s2_final,bun.hunter@easy,21,0,0,0,0,0,0,13
exp04_scenario_s2_final,bun.hunter@easy,22,0,0,0,0,0,0,10
exp04_scenario_s2_final,bun.hunter@easy,23,0,0,0,0,0,0,11
exp04_scenario_s2_final,bun.hunter@easy,24,0,0,0,0,0,0,13
exp04_scenario_s2_final,bun.hunter@easy,25,0,0,0,0,0,0,11
exp04_scenario_s2_final,bun.hunter@easy,26,0,0,0,0,0,0,13
exp04_scenario_s2_final,bun.hunter@easy,27,0,0,0,0,0,0,11
exp04_scenario_s2_final,bun.hunter@easy,28,0,0,0,0,0,0,13
exp04_scenario_s2_final,bun.hunter@easy,29,0,0,0,0,0,0,14
exp04_scenario_s2_final,bun.hunter@easy,30,0,0,0,0,0,0,10
exp04_scenario_s2_final,bun.hunter@easy,31,0,0,0,0,0,0,15
exp04_scenario_s2_final,bun.hunter@easy,32,0,0,0,0,0,0,15
exp04_scenario_s2_final,bun.hunter@easy,33,0,0,1,0,0,1,8
exp04_scenario_s2_final,bun.hunter@easy,34,0,0,0,0,0,0,14
exp04_scenario_s2_final,bun.hunter@easy,35,0,0,0,0,0,0,13
exp04_scenario_s2_final,bun.hunter@easy,36,0,0,0,0,0,0,11
exp04_scenario_s2_final,bun.hunter@easy,37,0,0,0,0,0,0,14
exp04_scenario_s2_final,bun.hunter@easy,38,0,0,0,0,0,0,10
exp04_scenario_s2_final,bun.hunter@easy,39,0,0,0,0,0,0,12
exp04_scenario_s2_final,bun.hunter@easy,40,0,0,0,0,0,0,8
exp04_scenario_s2_final,bun.hunter@easy,41,0,0,0,0,0,0,12
exp04_scenario_s2_final,bun.hunter@easy,42,0,0,0,0,0,0,12
exp04_scenario_s2_final,bun.hunter@easy,43,0,0,0,0,0,0,9
exp04_scenario_s2_final,bun.hunter@easy,44,0,0,0,0,0,0,11
exp04_scenario_s2_final,bun.hunter@easy,45,0,0,0,0,0,0,12
exp04_scenario_s2_final,bun.hunter@easy,46,0,0,0,0,0,0,13
exp04_scenario_s2_final,bun.hunter@easy,47,1,0,0,0,1,0,14
exp04_scenario_s2_final,bun.hunter@easy,48,0,0,0,0,0,0,14
exp04_scenario_s2_final,bun.hunter@easy,49,0,0,0,0,0,0,15
exp04_scenario_s2_final,bun.hunter@easy,50,0,0,0,0,0,0,13
exp04_scenario_s2_final,bun.hunter@easy,51,0,0,0,0,0,0,12
exp04_scenario_s2_final,bun.hunter@easy,52,0,0,0,0,0,0,12
exp04_scenario_s2_final,bun.hunter@easy,53,0,0,1,0,0,1,7
exp04_scenario_s2_final,bun.hunter@easy,54,0,0,0,0,0,0,18
exp04_scenario_s2_final,bun.hunter@easy,55,0,0,0,0,0,0,12
exp04_scenario_s2_final,bun.hunter@easy,56,0,0,0,0,0,0,12
exp04_scenario_s2_final,bun.hunter@easy,57,0,0,0,0,0,0,15
exp04_scenario_s2_final,bun.hunter@easy,58,0,0,0,0,0,0,12
exp04_scenario_s2_final,bun.hunter@easy,59,0,0,0,0,0,0,8
exp04_scenario_s2_final,bun.hunter@easy,60,0,0,0,0,0,0,12
exp04_scenario_s2_final,bun.hunter@easy,61,1,0,0,0,1,0,9
exp04_scenario_s2_final,bun.hunter@easy,62,0,0,0,0,0,0,8
exp04_scenario_s2_final,bun.hunter@easy,63,0,0,0,0,0,0,15
hist_it4000,bun.tactical_v2,0,1,0,0,0,1,0,16
hist_it4000,bun.tactical_v2,1,0,0,0,0,0,0,15
hist_it4000,bun.tactical_v2,2,1,0,0,0,1,0,17
hist_it4000,bun.tactical_v2,3,0,0,0,0,0,0,17
hist_it4000,bun.tactical_v2,4,1,0,0,0,1,0,19
hist_it4000,bun.tactical_v2,5,1,0,0,0,1,0,18
hist_it4000,bun.tactical_v2,6,0,0,0,0,0,0,15
hist_it4000,bun.tactical_v2,7,0,0,0,0,0,0,10
hist_it4000,bun.tactical_v2,8,0,0,0,0,0,0,18
hist_it4000,bun.tactical_v2,9,0,0,0,0,0,0,17
hist_it4000,bun.tactical_v2,10,0,0,0,0,0,0,4
hist_it4000,bun.tactical_v2,11,0,0,0,0,0,0,19
hist_it4000,bun.tactical_v2,12,0,0,0,0,0,0,17
hist_it4000,bun.tactical_v2,13,1,0,0,0,1,0,17
hist_it4000,bun.tactical_v2,14,0,0,0,0,0,0,19
hist_it4000,bun.tactical_v2,15,0,0,0,0,0,0,19
hist_it4000,bun.tactical_v2,16,1,0,0,0,1,0,15
hist_it4000,bun.tactical_v2,17,0,0,0,0,0,0,18
hist_it4000,bun.tactical_v2,18,0,0,0,0,0,0,18
hist_it4000,bun.tactical_v2,19,0,0,0,0,0,0,17
hist_it4000,bun.tactical_v2,20,0,0,0,0,0,0,17
hist_it4000,bun.tactical_v2,21,0,0,1,0,0,1,32
hist_it4000,bun.tactical_v2,22,0,0,0,0,0,0,17
hist_it4000,bun.tactical_v2,23,0,0,0,0,0,0,10
hist_it4000,bun.tactical_v2,24,1,0,0,0,1,0,17
hist_it4000,bun.tactical_v2,25,0,0,0,0,0,0,18
hist_it4000,bun.tactical_v2,26,1,0,0,0,1,0,18
hist_it4000,bun.tactical_v2,27,0,0,0,0,0,0,17
hist_it4000,bun.tactical_v2,28,1,0,0,0,1,0,17
hist_it4000,bun.tactical_v2,29,1,0,0,0,1,0,18
hist_it4000,bun.tactical_v2,30,1,0,0,0,1,0,17
hist_it4000,bun.tactical_v2,31,0,0,0,0,0,0,19
hist_it4000,bun.tactical_v2,32,1,0,1,0,0,0,16
hist_it4000,bun.tactical_v2,33,1,0,0,0,1,0,18
hist_it4000,bun.tactical_v2,34,1,0,0,0,1,0,17
hist_it4000,bun.tactical_v2,35,1,0,0,0,1,0,18
hist_it4000,bun.tactical_v2,36,0,0,0,0,0,0,19
hist_it4000,bun.tactical_v2,37,0,0,0,0,0,0,17
hist_it4000,bun.tactical_v2,38,0,0,0,0,0,0,17
hist_it4000,bun.tactical_v2,39,0,0,0,0,0,0,16
hist_it4000,bun.tactical_v2,40,0,0,0,0,0,0,16
hist_it4000,bun.tactical_v2,41,1,0,0,0,1,0,17
hist_it4000,bun.tactical_v2,42,1,0,0,0,1,0,18
hist_it4000,bun.tactical_v2,43,0,0,0,0,0,0,10
hist_it4000,bun.tactical_v2,44,1,0,0,0,1,0,18
hist_it4000,bun.tactical_v2,45,0,0,0,0,0,0,16
hist_it4000,bun.tactical_v2,46,0,0,0,0,0,0,19
hist_it4000,bun.tactical_v2,47,1,0,0,0,1,0,16
hist_it4000,bun.tactical_v2,48,1,0,0,0,1,0,17
hist_it4000,bun.tactical_v2,49,0,0,0,0,0,0,16
hist_it4000,bun.tactical_v2,50,1,0,0,0,1,0,4
hist_it4000,bun.tactical_v2,51,1,0,0,0,1,0,19
hist_it4000,bun.tactical_v2,52,1,0,0,0,1,0,18
hist_it4000,bun.tactical_v2,53,1,0,0,0,1,0,18
hist_it4000,bun.tactical_v2,54,0,0,0,0,0,0,18
hist_it4000,bun.tactical_v2,55,0,0,0,0,0,0,15
hist_it4000,bun.tactical_v2,56,0,0,0,0,0,0,10
hist_it4000,bun.tactical_v2,57,0,0,1,0,0,1,26
hist_it4000,bun.tactical_v2,58,0,0,0,0,0,0,19
hist_it4000,bun.tactical_v2,59,1,0,0,0,1,0,17
hist_it4000,bun.tactical_v2,60,1,0,0,0,1,0,15
hist_it4000,bun.tactical_v2,61,1,0,0,0,1,0,19
hist_it4000,bun.tactical_v2,62,0,0,0,0,0,0,16
hist_it4000,bun.tactical_v2,63,1,0,0,0,1,0,16
hist_it4000,bun.hunter@hard,0,0,0,0,0,0,0,18
hist_it4000,bun.hunter@hard,1,0,0,0,0,0,0,15
hist_it4000,bun.hunter@hard,2,0,0,0,0,0,0,8
hist_it4000,bun.hunter@hard,3,0,1,0,0,0,1,7
hist_it4000,bun.hunter@hard,4,0,0,0,0,0,0,6
hist_it4000,bun.hunter@hard,5,0,0,0,0,0,0,15
hist_it4000,bun.hunter@hard,6,0,0,0,0,0,0,15
hist_it4000,bun.hunter@hard,7,0,0,0,0,0,0,8
hist_it4000,bun.hunter@hard,8,0,0,0,0,0,0,8
hist_it4000,bun.hunter@hard,9,0,0,1,0,0,1,13
hist_it4000,bun.hunter@hard,10,0,0,0,0,0,0,14
hist_it4000,bun.hunter@hard,11,0,0,0,0,0,0,19
hist_it4000,bun.hunter@hard,12,0,0,0,0,0,0,12
hist_it4000,bun.hunter@hard,13,0,0,0,0,0,0,16
hist_it4000,bun.hunter@hard,14,0,0,0,0,0,0,6
hist_it4000,bun.hunter@hard,15,0,0,0,0,0,0,16
hist_it4000,bun.hunter@hard,16,0,0,0,0,0,0,16
hist_it4000,bun.hunter@hard,17,0,0,0,0,0,0,7
hist_it4000,bun.hunter@hard,18,0,0,0,0,0,0,8
hist_it4000,bun.hunter@hard,19,0,0,0,0,0,0,18
hist_it4000,bun.hunter@hard,20,0,0,0,0,0,0,16
hist_it4000,bun.hunter@hard,21,0,0,0,0,0,0,10
hist_it4000,bun.hunter@hard,22,0,0,1,0,0,1,10
hist_it4000,bun.hunter@hard,23,0,0,0,0,0,0,4
hist_it4000,bun.hunter@hard,24,0,0,0,0,0,0,7
hist_it4000,bun.hunter@hard,25,0,0,0,0,0,0,8
hist_it4000,bun.hunter@hard,26,0,0,0,0,0,0,15
hist_it4000,bun.hunter@hard,27,0,0,1,0,0,1,13
hist_it4000,bun.hunter@hard,28,0,0,0,0,0,0,9
hist_it4000,bun.hunter@hard,29,0,0,0,0,0,0,17
hist_it4000,bun.hunter@hard,30,0,0,0,0,0,0,6
hist_it4000,bun.hunter@hard,31,0,0,0,0,0,0,16
hist_it4000,bun.hunter@hard,32,0,0,0,0,0,0,15
hist_it4000,bun.hunter@hard,33,0,0,0,0,0,0,17
hist_it4000,bun.hunter@hard,34,0,0,0,0,0,0,17
hist_it4000,bun.hunter@hard,35,0,0,0,0,0,0,17
hist_it4000,bun.hunter@hard,36,0,0,0,0,0,0,19
hist_it4000,bun.hunter@hard,37,0,1,0,0,0,1,11
hist_it4000,bun.hunter@hard,38,0,0,0,0,0,0,14
hist_it4000,bun.hunter@hard,39,0,0,1,0,0,1,11
hist_it4000,bun.hunter@hard,40,0,1,0,0,0,1,10
hist_it4000,bun.hunter@hard,41,0,0,0,0,0,0,9
hist_it4000,bun.hunter@hard,42,0,1,0,0,0,1,12
hist_it4000,bun.hunter@hard,43,0,0,0,0,0,0,8
hist_it4000,bun.hunter@hard,44,0,0,0,0,0,0,17
hist_it4000,bun.hunter@hard,45,0,0,0,0,0,0,18
hist_it4000,bun.hunter@hard,46,0,0,0,0,0,0,16
hist_it4000,bun.hunter@hard,47,0,0,0,0,0,0,18
hist_it4000,bun.hunter@hard,48,0,1,0,0,0,1,5
hist_it4000,bun.hunter@hard,49,0,0,0,0,0,0,17
hist_it4000,bun.hunter@hard,50,0,0,0,0,0,0,14
hist_it4000,bun.hunter@hard,51,0,0,0,0,0,0,12
hist_it4000,bun.hunter@hard,52,0,0,1,0,0,1,12
hist_it4000,bun.hunter@hard,53,0,0,0,0,0,0,4
hist_it4000,bun.hunter@hard,54,0,0,0,0,0,0,18
hist_it4000,bun.hunter@hard,55,0,0,0,0,0,0,7
hist_it4000,bun.hunter@hard,56,0,0,0,0,0,0,7
hist_it4000,bun.hunter@hard,57,0,0,0,0,0,0,15
hist_it4000,bun.hunter@hard,58,0,1,0,0,0,1,12
hist_it4000,bun.hunter@hard,59,1,0,0,0,1,0,18
hist_it4000,bun.hunter@hard,60,0,0,0,0,0,0,16
hist_it4000,bun.hunter@hard,61,0,0,0,0,0,0,8
hist_it4000,bun.hunter@hard,62,0,0,0,0,0,0,18
hist_it4000,bun.hunter@hard,63,0,0,0,0,0,0,14
hist_it4000,bun.hunter@normal,0,0,0,0,0,0,0,16
hist_it4000,bun.hunter@normal,1,0,0,0,0,0,0,18
hist_it4000,bun.hunter@normal,2,0,0,0,0,0,0,7
hist_it4000,bun.hunter@normal,3,0,1,0,0,0,1,3
hist_it4000,bun.hunter@normal,4,0,0,0,0,0,0,16
hist_it4000,bun.hunter@normal,5,0,1,0,0,0,1,11
hist_it4000,bun.hunter@normal,6,0,0,0,0,0,0,16
hist_it4000,bun.hunter@normal,7,0,0,0,0,0,0,8
hist_it4000,bun.hunter@normal,8,0,0,0,0,0,0,1
hist_it4000,bun.hunter@normal,9,0,0,0,0,0,0,18
hist_it4000,bun.hunter@normal,10,0,0,0,0,0,0,12
hist_it4000,bun.hunter@normal,11,0,1,0,0,0,1,11
hist_it4000,bun.hunter@normal,12,0,0,0,0,0,0,12
hist_it4000,bun.hunter@normal,13,0,0,0,0,0,0,13
hist_it4000,bun.hunter@normal,14,0,0,0,0,0,0,8
hist_it4000,bun.hunter@normal,15,0,0,0,0,0,0,17
hist_it4000,bun.hunter@normal,16,0,1,0,0,0,1,11
hist_it4000,bun.hunter@normal,17,0,0,0,0,0,0,18
hist_it4000,bun.hunter@normal,18,0,0,0,0,0,0,9
hist_it4000,bun.hunter@normal,19,0,0,0,0,0,0,12
hist_it4000,bun.hunter@normal,20,0,0,0,0,0,0,11
hist_it4000,bun.hunter@normal,21,0,0,0,0,0,0,14
hist_it4000,bun.hunter@normal,22,0,0,0,0,0,0,16
hist_it4000,bun.hunter@normal,23,0,0,0,0,0,0,13
hist_it4000,bun.hunter@normal,24,0,0,0,0,0,0,8
hist_it4000,bun.hunter@normal,25,0,0,0,0,0,0,17
hist_it4000,bun.hunter@normal,26,0,0,0,0,0,0,16
hist_it4000,bun.hunter@normal,27,0,0,0,0,0,0,19
hist_it4000,bun.hunter@normal,28,0,0,0,0,0,0,15
hist_it4000,bun.hunter@normal,29,0,0,0,0,0,0,18
hist_it4000,bun.hunter@normal,30,0,0,0,0,0,0,10
hist_it4000,bun.hunter@normal,31,0,0,0,0,0,0,16
hist_it4000,bun.hunter@normal,32,0,1,0,0,0,1,10
hist_it4000,bun.hunter@normal,33,0,0,0,0,0,0,17
hist_it4000,bun.hunter@normal,34,0,0,0,0,0,0,9
hist_it4000,bun.hunter@normal,35,0,0,0,0,0,0,18
hist_it4000,bun.hunter@normal,36,0,0,0,0,0,0,13
hist_it4000,bun.hunter@normal,37,0,0,0,0,0,0,9
hist_it4000,bun.hunter@normal,38,0,1,0,0,0,1,12
hist_it4000,bun.hunter@normal,39,0,0,0,0,0,0,16
hist_it4000,bun.hunter@normal,40,0,0,0,0,0,0,16
hist_it4000,bun.hunter@normal,41,0,0,0,0,0,0,18
hist_it4000,bun.hunter@normal,42,0,0,0,0,0,0,17
hist_it4000,bun.hunter@normal,43,0,0,0,0,0,0,7
hist_it4000,bun.hunter@normal,44,0,0,0,0,0,0,16
hist_it4000,bun.hunter@normal,45,0,1,0,0,0,1,11
hist_it4000,bun.hunter@normal,46,0,1,0,0,0,1,11
hist_it4000,bun.hunter@normal,47,0,0,0,0,0,0,15
hist_it4000,bun.hunter@normal,48,0,1,0,0,0,1,5
hist_it4000,bun.hunter@normal,49,0,1,0,0,0,1,11
hist_it4000,bun.hunter@normal,50,0,0,0,0,0,0,13
hist_it4000,bun.hunter@normal,51,0,0,0,0,0,0,12
hist_it4000,bun.hunter@normal,52,0,0,0,0,0,0,16
hist_it4000,bun.hunter@normal,53,0,0,0,0,0,0,12
hist_it4000,bun.hunter@normal,54,0,0,0,0,0,0,16
hist_it4000,bun.hunter@normal,55,0,0,1,0,0,1,16
hist_it4000,bun.hunter@normal,56,0,0,0,0,0,0,8
hist_it4000,bun.hunter@normal,57,0,0,0,0,0,0,17
hist_it4000,bun.hunter@normal,58,0,0,0,0,0,0,15
hist_it4000,bun.hunter@normal,59,0,0,0,0,0,0,12
hist_it4000,bun.hunter@normal,60,0,0,0,0,0,0,18
hist_it4000,bun.hunter@normal,61,0,0,0,0,0,0,11
hist_it4000,bun.hunter@normal,62,0,1,0,0,0,1,10
hist_it4000,bun.hunter@normal,63,0,0,0,0,0,0,9
hist_it4000,bun.hunter@easy,0,0,0,0,0,0,0,16
hist_it4000,bun.hunter@easy,1,0,0,0,0,0,0,16
hist_it4000,bun.hunter@easy,2,0,0,0,0,0,0,17
hist_it4000,bun.hunter@easy,3,0,0,0,0,0,0,17
hist_it4000,bun.hunter@easy,4,0,0,0,0,0,0,17
hist_it4000,bun.hunter@easy,5,0,0,0,0,0,0,19
hist_it4000,bun.hunter@easy,6,0,0,0,0,0,0,16
hist_it4000,bun.hunter@easy,7,0,0,0,0,0,0,8
hist_it4000,bun.hunter@easy,8,0,0,1,0,0,1,12
hist_it4000,bun.hunter@easy,9,0,0,0,0,0,0,15
hist_it4000,bun.hunter@easy,10,0,0,0,0,0,0,16
hist_it4000,bun.hunter@easy,11,0,0,0,0,0,0,16
hist_it4000,bun.hunter@easy,12,0,0,0,0,0,0,18
hist_it4000,bun.hunter@easy,13,0,0,0,0,0,0,14
hist_it4000,bun.hunter@easy,14,0,0,1,0,0,1,9
hist_it4000,bun.hunter@easy,15,0,0,0,0,0,0,15
hist_it4000,bun.hunter@easy,16,0,0,0,0,0,0,6
hist_it4000,bun.hunter@easy,17,0,1,0,0,0,1,5
hist_it4000,bun.hunter@easy,18,0,0,0,0,0,0,18
hist_it4000,bun.hunter@easy,19,0,0,0,0,0,0,16
hist_it4000,bun.hunter@easy,20,0,0,0,0,0,0,15
hist_it4000,bun.hunter@easy,21,0,0,0,0,0,0,16
hist_it4000,bun.hunter@easy,22,0,0,0,0,0,0,16
hist_it4000,bun.hunter@easy,23,0,0,0,0,0,0,11
hist_it4000,bun.hunter@easy,24,0,0,0,0,0,0,18
hist_it4000,bun.hunter@easy,25,0,0,0,0,0,0,17
hist_it4000,bun.hunter@easy,26,0,0,0,0,0,0,17
hist_it4000,bun.hunter@easy,27,0,0,1,0,0,1,9
hist_it4000,bun.hunter@easy,28,0,0,0,0,0,0,14
hist_it4000,bun.hunter@easy,29,0,0,0,0,0,0,16
hist_it4000,bun.hunter@easy,30,0,0,0,0,0,0,15
hist_it4000,bun.hunter@easy,31,0,0,0,0,0,0,17
hist_it4000,bun.hunter@easy,32,0,0,0,0,0,0,10
hist_it4000,bun.hunter@easy,33,0,0,0,0,0,0,15
hist_it4000,bun.hunter@easy,34,0,0,1,0,0,1,12
hist_it4000,bun.hunter@easy,35,0,0,0,0,0,0,18
hist_it4000,bun.hunter@easy,36,0,0,0,0,0,0,17
hist_it4000,bun.hunter@easy,37,0,0,0,0,0,0,16
hist_it4000,bun.hunter@easy,38,0,0,0,0,0,0,17
hist_it4000,bun.hunter@easy,39,0,0,0,0,0,0,13
hist_it4000,bun.hunter@easy,40,0,0,0,0,0,0,17
hist_it4000,bun.hunter@easy,41,0,0,0,0,0,0,9
hist_it4000,bun.hunter@easy,42,0,0,0,0,0,0,9
hist_it4000,bun.hunter@easy,43,0,1,0,0,0,1,8
hist_it4000,bun.hunter@easy,44,0,0,0,0,0,0,15
hist_it4000,bun.hunter@easy,45,0,0,0,0,0,0,16
hist_it4000,bun.hunter@easy,46,0,0,0,0,0,0,15
hist_it4000,bun.hunter@easy,47,0,0,0,0,0,0,16
hist_it4000,bun.hunter@easy,48,0,1,0,0,0,1,7
hist_it4000,bun.hunter@easy,49,0,0,0,0,0,0,18
hist_it4000,bun.hunter@easy,50,0,0,0,0,0,0,16
hist_it4000,bun.hunter@easy,51,0,0,0,0,0,0,19
hist_it4000,bun.hunter@easy,52,0,0,0,0,0,0,16
hist_it4000,bun.hunter@easy,53,1,0,0,0,1,0,19
hist_it4000,bun.hunter@easy,54,0,0,0,0,0,0,14
hist_it4000,bun.hunter@easy,55,0,0,0,0,0,0,15
hist_it4000,bun.hunter@easy,56,0,0,0,0,0,0,6
hist_it4000,bun.hunter@easy,57,0,0,0,0,0,0,17
hist_it4000,bun.hunter@easy,58,0,0,0,0,0,0,17
hist_it4000,bun.hunter@easy,59,0,0,0,0,0,0,17
hist_it4000,bun.hunter@easy,60,0,0,0,0,0,0,17
hist_it4000,bun.hunter@easy,61,0,0,0,0,0,0,16
hist_it4000,bun.hunter@easy,62,0,0,0,0,0,0,18
hist_it4000,bun.hunter@easy,63,0,0,0,0,0,0,8
rv2_thr04_it100,bun.tactical_v2,0,0,0,0,0,0,0,7
rv2_thr04_it100,bun.tactical_v2,1,0,0,0,0,0,0,19
rv2_thr04_it100,bun.tactical_v2,2,0,0,0,0,0,0,19
rv2_thr04_it100,bun.tactical_v2,3,0,0,0,0,0,0,18
rv2_thr04_it100,bun.tactical_v2,4,0,0,0,0,0,0,19
rv2_thr04_it100,bun.tactical_v2,5,0,0,0,0,0,0,7
rv2_thr04_it100,bun.tactical_v2,6,0,0,0,0,0,0,19
rv2_thr04_it100,bun.tactical_v2,7,0,1,0,0,0,1,72
rv2_thr04_it100,bun.tactical_v2,8,0,0,0,0,0,0,20
rv2_thr04_it100,bun.tactical_v2,9,0,0,1,0,0,1,90
rv2_thr04_it100,bun.tactical_v2,10,0,0,0,0,0,0,20
rv2_thr04_it100,bun.tactical_v2,11,0,0,0,0,0,0,20
rv2_thr04_it100,bun.tactical_v2,12,0,0,0,0,0,0,19
rv2_thr04_it100,bun.tactical_v2,13,1,0,1,0,0,0,94
rv2_thr04_it100,bun.tactical_v2,14,1,0,0,0,1,0,19
rv2_thr04_it100,bun.tactical_v2,15,0,0,0,0,0,0,19
rv2_thr04_it100,bun.tactical_v2,16,1,0,0,0,1,0,19
rv2_thr04_it100,bun.tactical_v2,17,1,0,0,0,1,0,20
rv2_thr04_it100,bun.tactical_v2,18,0,0,0,0,0,0,20
rv2_thr04_it100,bun.tactical_v2,19,0,0,0,0,0,0,19
rv2_thr04_it100,bun.tactical_v2,20,0,0,0,0,0,0,20
rv2_thr04_it100,bun.tactical_v2,21,1,0,0,0,1,0,18
rv2_thr04_it100,bun.tactical_v2,22,1,0,1,0,0,0,30
rv2_thr04_it100,bun.tactical_v2,23,1,0,0,0,1,0,19
rv2_thr04_it100,bun.tactical_v2,24,0,0,0,0,0,0,19
rv2_thr04_it100,bun.tactical_v2,25,0,1,0,0,0,1,17
rv2_thr04_it100,bun.tactical_v2,26,0,0,0,0,0,0,7
rv2_thr04_it100,bun.tactical_v2,27,0,0,1,0,0,1,90
rv2_thr04_it100,bun.tactical_v2,28,1,0,0,0,1,0,19
rv2_thr04_it100,bun.tactical_v2,29,1,0,0,0,1,0,20
rv2_thr04_it100,bun.tactical_v2,30,0,0,0,0,0,0,18
rv2_thr04_it100,bun.tactical_v2,31,0,0,0,0,0,0,19
rv2_thr04_it100,bun.tactical_v2,32,1,0,0,0,1,0,18
rv2_thr04_it100,bun.tactical_v2,33,1,0,0,0,1,0,20
rv2_thr04_it100,bun.tactical_v2,34,0,0,0,0,0,0,20
rv2_thr04_it100,bun.tactical_v2,35,1,0,0,0,1,0,20
rv2_thr04_it100,bun.tactical_v2,36,0,0,0,0,0,0,20
rv2_thr04_it100,bun.tactical_v2,37,0,0,0,0,0,0,19
rv2_thr04_it100,bun.tactical_v2,38,0,0,0,0,0,0,20
rv2_thr04_it100,bun.tactical_v2,39,0,0,0,0,0,0,19
rv2_thr04_it100,bun.tactical_v2,40,1,0,0,0,1,0,19
rv2_thr04_it100,bun.tactical_v2,41,1,0,0,0,1,0,84
rv2_thr04_it100,bun.tactical_v2,42,1,0,0,1,0,0,20
rv2_thr04_it100,bun.tactical_v2,43,0,1,0,0,0,1,72
rv2_thr04_it100,bun.tactical_v2,44,0,0,1,0,0,1,22
rv2_thr04_it100,bun.tactical_v2,45,0,0,0,0,0,0,19
rv2_thr04_it100,bun.tactical_v2,46,0,0,0,0,0,0,19
rv2_thr04_it100,bun.tactical_v2,47,0,0,0,0,0,0,7
rv2_thr04_it100,bun.tactical_v2,48,0,0,0,0,0,0,110
rv2_thr04_it100,bun.tactical_v2,49,0,0,1,0,0,1,107
rv2_thr04_it100,bun.tactical_v2,50,1,0,0,0,1,0,20
rv2_thr04_it100,bun.tactical_v2,51,1,0,0,0,1,0,19
rv2_thr04_it100,bun.tactical_v2,52,1,0,0,0,1,0,19
rv2_thr04_it100,bun.tactical_v2,53,1,0,0,0,1,0,19
rv2_thr04_it100,bun.tactical_v2,54,0,0,0,0,0,0,19
rv2_thr04_it100,bun.tactical_v2,55,0,0,0,0,0,0,20
rv2_thr04_it100,bun.tactical_v2,56,1,0,0,0,1,0,20
rv2_thr04_it100,bun.tactical_v2,57,1,0,0,0,1,0,19
rv2_thr04_it100,bun.tactical_v2,58,1,0,0,0,1,0,20
rv2_thr04_it100,bun.tactical_v2,59,0,0,0,0,0,0,19
rv2_thr04_it100,bun.tactical_v2,60,1,0,0,0,1,0,19
rv2_thr04_it100,bun.tactical_v2,61,1,0,0,0,1,0,20
rv2_thr04_it100,bun.tactical_v2,62,0,0,0,0,0,0,19
rv2_thr04_it100,bun.tactical_v2,63,1,0,0,0,1,0,19
rv2_thr04_it100,bun.hunter@hard,0,0,0,0,0,0,0,18
rv2_thr04_it100,bun.hunter@hard,1,0,0,0,0,0,0,20
rv2_thr04_it100,bun.hunter@hard,2,0,0,0,0,0,0,8
rv2_thr04_it100,bun.hunter@hard,3,0,0,0,0,0,0,8
rv2_thr04_it100,bun.hunter@hard,4,0,0,0,0,0,0,8
rv2_thr04_it100,bun.hunter@hard,5,0,0,0,0,0,0,19
rv2_thr04_it100,bun.hunter@hard,6,0,0,0,0,0,0,20
rv2_thr04_it100,bun.hunter@hard,7,0,0,0,0,0,0,10
rv2_thr04_it100,bun.hunter@hard,8,0,0,0,0,0,0,19
rv2_thr04_it100,bun.hunter@hard,9,0,0,1,0,0,1,12
rv2_thr04_it100,bun.hunter@hard,10,0,0,1,0,0,1,14
rv2_thr04_it100,bun.hunter@hard,11,0,0,0,0,0,0,19
rv2_thr04_it100,bun.hunter@hard,12,0,0,0,0,0,0,18
rv2_thr04_it100,bun.hunter@hard,13,0,0,0,0,0,0,19
rv2_thr04_it100,bun.hunter@hard,14,0,0,0,0,0,0,8
rv2_thr04_it100,bun.hunter@hard,15,0,0,1,0,0,1,14
rv2_thr04_it100,bun.hunter@hard,16,0,0,0,0,0,0,16
rv2_thr04_it100,bun.hunter@hard,17,0,0,0,0,0,0,8
rv2_thr04_it100,bun.hunter@hard,18,0,0,1,0,0,1,11
rv2_thr04_it100,bun.hunter@hard,19,0,0,1,0,0,1,12
rv2_thr04_it100,bun.hunter@hard,20,0,0,0,0,0,0,19
rv2_thr04_it100,bun.hunter@hard,21,0,0,0,0,0,0,17
rv2_thr04_it100,bun.hunter@hard,22,0,0,0,0,0,0,20
rv2_thr04_it100,bun.hunter@hard,23,0,0,0,0,0,0,12
rv2_thr04_it100,bun.hunter@hard,24,0,1,0,0,0,1,8
rv2_thr04_it100,bun.hunter@hard,25,0,0,0,0,0,0,8
rv2_thr04_it100,bun.hunter@hard,26,0,0,0,0,0,0,19
rv2_thr04_it100,bun.hunter@hard,27,0,0,1,0,0,1,12
rv2_thr04_it100,bun.hunter@hard,28,0,0,0,0,0,0,13
rv2_thr04_it100,bun.hunter@hard,29,0,0,0,0,0,0,19
rv2_thr04_it100,bun.hunter@hard,30,0,0,0,0,0,0,9
rv2_thr04_it100,bun.hunter@hard,31,0,0,1,0,0,1,14
rv2_thr04_it100,bun.hunter@hard,32,0,0,1,0,0,1,11
rv2_thr04_it100,bun.hunter@hard,33,0,0,0,0,0,0,19
rv2_thr04_it100,bun.hunter@hard,34,0,0,0,0,0,0,20
rv2_thr04_it100,bun.hunter@hard,35,0,0,0,0,0,0,19
rv2_thr04_it100,bun.hunter@hard,36,0,0,0,0,0,0,19
rv2_thr04_it100,bun.hunter@hard,37,0,0,0,0,0,0,19
rv2_thr04_it100,bun.hunter@hard,38,0,0,0,0,0,0,17
rv2_thr04_it100,bun.hunter@hard,39,0,0,0,0,0,0,19
rv2_thr04_it100,bun.hunter@hard,40,0,0,0,0,0,0,19
rv2_thr04_it100,bun.hunter@hard,41,0,0,0,0,0,0,13
rv2_thr04_it100,bun.hunter@hard,42,0,0,0,0,0,0,16
rv2_thr04_it100,bun.hunter@hard,43,0,0,0,0,0,0,10
rv2_thr04_it100,bun.hunter@hard,44,0,0,0,0,0,0,20
rv2_thr04_it100,bun.hunter@hard,45,0,0,0,0,0,0,18
rv2_thr04_it100,bun.hunter@hard,46,0,0,1,0,0,1,14
rv2_thr04_it100,bun.hunter@hard,47,0,0,0,0,0,0,18
rv2_thr04_it100,bun.hunter@hard,48,0,0,0,0,0,0,10
rv2_thr04_it100,bun.hunter@hard,49,0,0,0,0,0,0,20
rv2_thr04_it100,bun.hunter@hard,50,0,0,0,0,0,0,10
rv2_thr04_it100,bun.hunter@hard,51,0,0,0,0,0,0,13
rv2_thr04_it100,bun.hunter@hard,52,0,0,1,0,0,1,13
rv2_thr04_it100,bun.hunter@hard,53,0,0,0,0,0,0,18
rv2_thr04_it100,bun.hunter@hard,54,0,0,0,0,0,0,19
rv2_thr04_it100,bun.hunter@hard,55,0,0,1,0,0,1,14
rv2_thr04_it100,bun.hunter@hard,56,0,0,1,0,0,1,16
rv2_thr04_it100,bun.hunter@hard,57,0,0,0,0,0,0,18
rv2_thr04_it100,bun.hunter@hard,58,0,0,0,0,0,0,20
rv2_thr04_it100,bun.hunter@hard,59,0,0,0,0,0,0,11
rv2_thr04_it100,bun.hunter@hard,60,0,0,0,0,0,0,16
rv2_thr04_it100,bun.hunter@hard,61,0,0,0,0,0,0,8
rv2_thr04_it100,bun.hunter@hard,62,0,0,0,0,0,0,18
rv2_thr04_it100,bun.hunter@hard,63,0,0,0,0,0,0,19
rv2_thr04_it100,bun.hunter@normal,0,0,1,0,0,0,1,13
rv2_thr04_it100,bun.hunter@normal,1,0,0,0,0,0,0,18
rv2_thr04_it100,bun.hunter@normal,2,0,1,0,0,0,1,8
rv2_thr04_it100,bun.hunter@normal,3,0,0,0,0,0,0,9
rv2_thr04_it100,bun.hunter@normal,4,0,0,1,0,0,1,15
rv2_thr04_it100,bun.hunter@normal,5,0,0,0,0,0,0,18
rv2_thr04_it100,bun.hunter@normal,6,0,0,0,0,0,0,20
rv2_thr04_it100,bun.hunter@normal,7,0,0,0,0,0,0,19
rv2_thr04_it100,bun.hunter@normal,8,0,0,0,0,0,0,14
rv2_thr04_it100,bun.hunter@normal,9,0,0,1,0,0,1,11
rv2_thr04_it100,bun.hunter@normal,10,0,0,0,0,0,0,16
rv2_thr04_it100,bun.hunter@normal,11,0,0,1,0,0,1,13
rv2_thr04_it100,bun.hunter@normal,12,0,0,0,0,0,0,19
rv2_thr04_it100,bun.hunter@normal,13,0,0,0,0,0,0,20
rv2_thr04_it100,bun.hunter@normal,14,0,0,0,0,0,0,8
rv2_thr04_it100,bun.hunter@normal,15,0,0,0,0,0,0,19
rv2_thr04_it100,bun.hunter@normal,16,0,0,0,0,0,0,19
rv2_thr04_it100,bun.hunter@normal,17,0,0,0,0,0,0,19
rv2_thr04_it100,bun.hunter@normal,18,0,0,0,0,0,0,13
rv2_thr04_it100,bun.hunter@normal,19,0,0,0,0,0,0,13
rv2_thr04_it100,bun.hunter@normal,20,0,0,0,0,0,0,17
rv2_thr04_it100,bun.hunter@normal,21,0,0,0,0,0,0,12
rv2_thr04_it100,bun.hunter@normal,22,0,0,0,0,0,0,20
rv2_thr04_it100,bun.hunter@normal,23,0,0,1,0,0,1,12
rv2_thr04_it100,bun.hunter@normal,24,0,0,0,0,0,0,17
rv2_thr04_it100,bun.hunter@normal,25,0,0,1,0,0,1,11
rv2_thr04_it100,bun.hunter@normal,26,0,0,0,0,0,0,18
rv2_thr04_it100,bun.hunter@normal,27,0,0,0,0,0,0,16
rv2_thr04_it100,bun.hunter@normal,28,0,0,1,0,0,1,13
rv2_thr04_it100,bun.hunter@normal,29,0,0,0,0,0,0,19
rv2_thr04_it100,bun.hunter@normal,30,0,0,0,0,0,0,20
rv2_thr04_it100,bun.hunter@normal,31,0,0,1,0,0,1,7
rv2_thr04_it100,bun.hunter@normal,32,0,1,0,0,0,1,12
rv2_thr04_it100,bun.hunter@normal,33,0,0,1,0,0,1,13
rv2_thr04_it100,bun.hunter@normal,34,0,0,1,0,0,1,14
rv2_thr04_it100,bun.hunter@normal,35,0,0,0,0,0,0,20
rv2_thr04_it100,bun.hunter@normal,36,0,0,1,0,0,1,13
rv2_thr04_it100,bun.hunter@normal,37,0,0,1,0,0,1,12
rv2_thr04_it100,bun.hunter@normal,38,0,1,0,0,0,1,7
rv2_thr04_it100,bun.hunter@normal,39,0,0,0,0,0,0,18
rv2_thr04_it100,bun.hunter@normal,40,0,0,0,0,0,0,19
rv2_thr04_it100,bun.hunter@normal,41,0,1,0,0,0,1,14
rv2_thr04_it100,bun.hunter@normal,42,0,0,0,0,0,0,19
rv2_thr04_it100,bun.hunter@normal,43,0,0,0,0,0,0,14
rv2_thr04_it100,bun.hunter@normal,44,0,0,0,0,0,0,19
rv2_thr04_it100,bun.hunter@normal,45,0,0,0,0,0,0,19
rv2_thr04_it100,bun.hunter@normal,46,0,0,0,0,0,0,12
rv2_thr04_it100,bun.hunter@normal,47,0,0,0,0,0,0,18
rv2_thr04_it100,bun.hunter@normal,48,0,0,0,0,0,0,19
rv2_thr04_it100,bun.hunter@normal,49,0,0,0,0,0,0,20
rv2_thr04_it100,bun.hunter@normal,50,0,0,0,0,0,0,13
rv2_thr04_it100,bun.hunter@normal,51,0,0,0,0,0,0,19
rv2_thr04_it100,bun.hunter@normal,52,0,0,0,0,0,0,15
rv2_thr04_it100,bun.hunter@normal,53,0,1,1,0,0,1,9
rv2_thr04_it100,bun.hunter@normal,54,0,0,1,0,0,1,14
rv2_thr04_it100,bun.hunter@normal,55,0,0,0,0,0,0,12
rv2_thr04_it100,bun.hunter@normal,56,0,0,1,0,0,1,12
rv2_thr04_it100,bun.hunter@normal,57,0,0,0,0,0,0,18
rv2_thr04_it100,bun.hunter@normal,58,0,0,0,0,0,0,19
rv2_thr04_it100,bun.hunter@normal,59,0,0,0,0,0,0,14
rv2_thr04_it100,bun.hunter@normal,60,0,1,0,0,0,1,14
rv2_thr04_it100,bun.hunter@normal,61,0,0,0,0,0,0,10
rv2_thr04_it100,bun.hunter@normal,62,0,0,0,0,0,0,19
rv2_thr04_it100,bun.hunter@normal,63,0,0,0,0,0,0,13
rv2_thr04_it100,bun.hunter@easy,0,0,0,0,0,0,0,19
rv2_thr04_it100,bun.hunter@easy,1,0,0,0,0,0,0,18
rv2_thr04_it100,bun.hunter@easy,2,0,0,0,0,0,0,21
rv2_thr04_it100,bun.hunter@easy,3,0,0,0,0,0,0,18
rv2_thr04_it100,bun.hunter@easy,4,0,0,0,0,0,0,18
rv2_thr04_it100,bun.hunter@easy,5,0,0,0,0,0,0,19
rv2_thr04_it100,bun.hunter@easy,6,0,0,0,0,0,0,19
rv2_thr04_it100,bun.hunter@easy,7,0,0,0,0,0,0,17
rv2_thr04_it100,bun.hunter@easy,8,0,0,0,0,0,0,19
rv2_thr04_it100,bun.hunter@easy,9,0,0,0,0,0,0,19
rv2_thr04_it100,bun.hunter@easy,10,0,0,0,0,0,0,19
rv2_thr04_it100,bun.hunter@easy,11,0,0,0,0,0,0,18
rv2_thr04_it100,bun.hunter@easy,12,0,0,1,0,0,1,17
rv2_thr04_it100,bun.hunter@easy,13,0,0,0,0,0,0,20
rv2_thr04_it100,bun.hunter@easy,14,0,0,0,0,0,0,18
rv2_thr04_it100,bun.hunter@easy,15,0,0,0,0,0,0,19
rv2_thr04_it100,bun.hunter@easy,16,0,0,0,0,0,0,19
rv2_thr04_it100,bun.hunter@easy,17,0,0,0,0,0,0,18
rv2_thr04_it100,bun.hunter@easy,18,0,0,0,0,0,0,17
rv2_thr04_it100,bun.hunter@easy,19,0,0,0,0,0,0,18
rv2_thr04_it100,bun.hunter@easy,20,0,0,0,0,0,0,18
rv2_thr04_it100,bun.hunter@easy,21,0,0,0,0,0,0,20
rv2_thr04_it100,bun.hunter@easy,22,0,0,0,0,0,0,20
rv2_thr04_it100,bun.hunter@easy,23,0,0,0,0,0,0,18
rv2_thr04_it100,bun.hunter@easy,24,0,1,0,0,0,1,9
rv2_thr04_it100,bun.hunter@easy,25,0,0,0,0,0,0,19
rv2_thr04_it100,bun.hunter@easy,26,0,1,0,0,0,1,21
rv2_thr04_it100,bun.hunter@easy,27,0,0,0,0,0,0,19
rv2_thr04_it100,bun.hunter@easy,28,0,0,0,0,0,0,18
rv2_thr04_it100,bun.hunter@easy,29,0,0,0,0,0,0,18
rv2_thr04_it100,bun.hunter@easy,30,0,0,0,0,0,0,19
rv2_thr04_it100,bun.hunter@easy,31,1,0,0,0,1,0,20
rv2_thr04_it100,bun.hunter@easy,32,0,0,0,0,0,0,18
rv2_thr04_it100,bun.hunter@easy,33,0,0,0,0,0,0,18
rv2_thr04_it100,bun.hunter@easy,34,0,0,1,0,0,1,14
rv2_thr04_it100,bun.hunter@easy,35,0,0,0,0,0,0,19
rv2_thr04_it100,bun.hunter@easy,36,0,0,0,0,0,0,20
rv2_thr04_it100,bun.hunter@easy,37,0,0,0,0,0,0,18
rv2_thr04_it100,bun.hunter@easy,38,1,0,0,0,1,0,19
rv2_thr04_it100,bun.hunter@easy,39,0,1,0,0,0,1,12
rv2_thr04_it100,bun.hunter@easy,40,0,0,0,0,0,0,20
rv2_thr04_it100,bun.hunter@easy,41,0,0,0,0,0,0,19
rv2_thr04_it100,bun.hunter@easy,42,0,0,0,0,0,0,15
rv2_thr04_it100,bun.hunter@easy,43,0,1,0,0,0,1,20
rv2_thr04_it100,bun.hunter@easy,44,1,0,0,0,1,0,21
rv2_thr04_it100,bun.hunter@easy,45,0,0,0,0,0,0,20
rv2_thr04_it100,bun.hunter@easy,46,0,0,0,0,0,0,19
rv2_thr04_it100,bun.hunter@easy,47,0,0,1,0,0,1,19
rv2_thr04_it100,bun.hunter@easy,48,0,0,0,0,0,0,20
rv2_thr04_it100,bun.hunter@easy,49,0,0,0,0,0,0,18
rv2_thr04_it100,bun.hunter@easy,50,0,0,0,0,0,0,18
rv2_thr04_it100,bun.hunter@easy,51,0,0,0,0,0,0,17
rv2_thr04_it100,bun.hunter@easy,52,0,0,0,1,0,1,19
rv2_thr04_it100,bun.hunter@easy,53,0,0,1,0,0,1,10
rv2_thr04_it100,bun.hunter@easy,54,0,0,0,0,0,0,19
rv2_thr04_it100,bun.hunter@easy,55,0,0,0,0,0,0,18
rv2_thr04_it100,bun.hunter@easy,56,0,0,0,0,0,0,20
rv2_thr04_it100,bun.hunter@easy,57,0,0,0,0,0,0,19
rv2_thr04_it100,bun.hunter@easy,58,0,0,0,0,0,0,19
rv2_thr04_it100,bun.hunter@easy,59,0,0,0,0,0,0,19
rv2_thr04_it100,bun.hunter@easy,60,0,0,1,0,0,1,12
rv2_thr04_it100,bun.hunter@easy,61,0,0,0,0,0,0,20
rv2_thr04_it100,bun.hunter@easy,62,0,0,1,0,0,1,11
rv2_thr04_it100,bun.hunter@easy,63,0,0,0,0,0,0,20
rv2_long_thr04_lr1e4_it200,bun.tactical_v2,0,0,0,0,0,0,0,20
rv2_long_thr04_lr1e4_it200,bun.tactical_v2,1,1,0,0,0,1,0,18
rv2_long_thr04_lr1e4_it200,bun.tactical_v2,2,0,0,0,0,0,0,20
rv2_long_thr04_lr1e4_it200,bun.tactical_v2,3,0,0,0,0,0,0,18
rv2_long_thr04_lr1e4_it200,bun.tactical_v2,4,1,0,0,0,1,0,19
rv2_long_thr04_lr1e4_it200,bun.tactical_v2,5,0,0,0,0,0,0,20
rv2_long_thr04_lr1e4_it200,bun.tactical_v2,6,1,0,0,0,1,0,18
rv2_long_thr04_lr1e4_it200,bun.tactical_v2,7,0,0,0,0,0,0,19
rv2_long_thr04_lr1e4_it200,bun.tactical_v2,8,1,0,0,0,1,0,21
rv2_long_thr04_lr1e4_it200,bun.tactical_v2,9,1,1,0,0,0,0,23
rv2_long_thr04_lr1e4_it200,bun.tactical_v2,10,1,0,0,0,1,0,20
rv2_long_thr04_lr1e4_it200,bun.tactical_v2,11,0,0,1,0,0,1,106
rv2_long_thr04_lr1e4_it200,bun.tactical_v2,12,1,0,0,0,1,0,21
rv2_long_thr04_lr1e4_it200,bun.tactical_v2,13,0,0,0,0,0,0,19
rv2_long_thr04_lr1e4_it200,bun.tactical_v2,14,0,0,0,0,0,0,20
rv2_long_thr04_lr1e4_it200,bun.tactical_v2,15,1,0,0,0,1,0,21
rv2_long_thr04_lr1e4_it200,bun.tactical_v2,16,0,0,0,0,0,0,20
rv2_long_thr04_lr1e4_it200,bun.tactical_v2,17,1,0,0,0,1,0,19
rv2_long_thr04_lr1e4_it200,bun.tactical_v2,18,1,0,0,0,1,0,20
rv2_long_thr04_lr1e4_it200,bun.tactical_v2,19,0,0,0,0,0,0,20
rv2_long_thr04_lr1e4_it200,bun.tactical_v2,20,0,0,0,0,0,0,20
rv2_long_thr04_lr1e4_it200,bun.tactical_v2,21,0,0,0,0,0,0,20
rv2_long_thr04_lr1e4_it200,bun.tactical_v2,22,0,0,0,0,0,0,21
rv2_long_thr04_lr1e4_it200,bun.tactical_v2,23,1,0,0,0,1,0,20
rv2_long_thr04_lr1e4_it200,bun.tactical_v2,24,1,0,0,0,1,0,20
rv2_long_thr04_lr1e4_it200,bun.tactical_v2,25,0,0,0,0,0,0,20
rv2_long_thr04_lr1e4_it200,bun.tactical_v2,26,0,0,0,0,0,0,20
rv2_long_thr04_lr1e4_it200,bun.tactical_v2,27,1,1,0,0,0,0,23
rv2_long_thr04_lr1e4_it200,bun.tactical_v2,28,0,0,0,0,0,0,20
rv2_long_thr04_lr1e4_it200,bun.tactical_v2,29,1,0,0,0,1,0,20
rv2_long_thr04_lr1e4_it200,bun.tactical_v2,30,0,0,0,0,0,0,19
rv2_long_thr04_lr1e4_it200,bun.tactical_v2,31,1,0,0,0,1,0,21
rv2_long_thr04_lr1e4_it200,bun.tactical_v2,32,1,0,0,0,1,0,19
rv2_long_thr04_lr1e4_it200,bun.tactical_v2,33,0,0,1,0,0,1,114
rv2_long_thr04_lr1e4_it200,bun.tactical_v2,34,0,0,0,0,0,0,19
rv2_long_thr04_lr1e4_it200,bun.tactical_v2,35,1,0,0,0,1,0,22
rv2_long_thr04_lr1e4_it200,bun.tactical_v2,36,0,0,1,0,0,1,106
rv2_long_thr04_lr1e4_it200,bun.tactical_v2,37,0,0,0,0,0,0,20
rv2_long_thr04_lr1e4_it200,bun.tactical_v2,38,1,0,0,0,1,0,20
rv2_long_thr04_lr1e4_it200,bun.tactical_v2,39,1,0,0,1,0,0,114
rv2_long_thr04_lr1e4_it200,bun.tactical_v2,40,1,0,0,0,1,0,21
rv2_long_thr04_lr1e4_it200,bun.tactical_v2,41,0,1,0,0,0,1,113
rv2_long_thr04_lr1e4_it200,bun.tactical_v2,42,1,0,0,0,1,0,20
rv2_long_thr04_lr1e4_it200,bun.tactical_v2,43,0,0,0,0,0,0,19
rv2_long_thr04_lr1e4_it200,bun.tactical_v2,44,0,0,0,0,0,0,20
rv2_long_thr04_lr1e4_it200,bun.tactical_v2,45,1,0,0,0,1,0,20
rv2_long_thr04_lr1e4_it200,bun.tactical_v2,46,1,0,0,0,1,0,21
rv2_long_thr04_lr1e4_it200,bun.tactical_v2,47,0,0,0,0,0,0,20
rv2_long_thr04_lr1e4_it200,bun.tactical_v2,48,0,1,0,0,0,1,25
rv2_long_thr04_lr1e4_it200,bun.tactical_v2,49,0,0,0,0,0,0,17
rv2_long_thr04_lr1e4_it200,bun.tactical_v2,50,0,0,0,0,0,0,14
rv2_long_thr04_lr1e4_it200,bun.tactical_v2,51,0,0,0,0,0,0,21
rv2_long_thr04_lr1e4_it200,bun.tactical_v2,52,0,0,0,0,0,0,20
rv2_long_thr04_lr1e4_it200,bun.tactical_v2,53,1,0,0,0,1,0,20
rv2_long_thr04_lr1e4_it200,bun.tactical_v2,54,1,0,0,0,1,0,21
rv2_long_thr04_lr1e4_it200,bun.tactical_v2,55,0,0,0,0,0,0,20
rv2_long_thr04_lr1e4_it200,bun.tactical_v2,56,0,0,0,0,0,0,20
rv2_long_thr04_lr1e4_it200,bun.tactical_v2,57,0,1,0,0,0,1,107
rv2_long_thr04_lr1e4_it200,bun.tactical_v2,58,1,0,1,0,0,0,113
rv2_long_thr04_lr1e4_it200,bun.tactical_v2,59,0,0,0,0,0,0,20
rv2_long_thr04_lr1e4_it200,bun.tactical_v2,60,0,0,0,0,0,0,20
rv2_long_thr04_lr1e4_it200,bun.tactical_v2,61,1,0,0,0,1,0,20
rv2_long_thr04_lr1e4_it200,bun.tactical_v2,62,1,0,0,0,1,0,20
rv2_long_thr04_lr1e4_it200,bun.tactical_v2,63,0,0,0,0,0,0,21
rv2_long_thr04_lr1e4_it200,bun.hunter@hard,0,0,0,1,0,0,1,14
rv2_long_thr04_lr1e4_it200,bun.hunter@hard,1,0,0,0,0,0,0,20
rv2_long_thr04_lr1e4_it200,bun.hunter@hard,2,0,0,0,0,0,0,7
rv2_long_thr04_lr1e4_it200,bun.hunter@hard,3,0,0,0,0,0,0,8
rv2_long_thr04_lr1e4_it200,bun.hunter@hard,4,0,0,0,0,0,0,8
rv2_long_thr04_lr1e4_it200,bun.hunter@hard,5,0,0,0,0,0,0,19
rv2_long_thr04_lr1e4_it200,bun.hunter@hard,6,0,0,0,0,0,0,20
rv2_long_thr04_lr1e4_it200,bun.hunter@hard,7,0,0,0,0,0,0,12
rv2_long_thr04_lr1e4_it200,bun.hunter@hard,8,0,0,0,0,0,0,15
rv2_long_thr04_lr1e4_it200,bun.hunter@hard,9,0,0,0,0,0,0,20
rv2_long_thr04_lr1e4_it200,bun.hunter@hard,10,0,0,1,0,0,1,14
rv2_long_thr04_lr1e4_it200,bun.hunter@hard,11,0,0,0,0,0,0,18
rv2_long_thr04_lr1e4_it200,bun.hunter@hard,12,0,0,0,0,0,0,19
rv2_long_thr04_lr1e4_it200,bun.hunter@hard,13,0,0,1,0,0,1,13
rv2_long_thr04_lr1e4_it200,bun.hunter@hard,14,0,0,0,0,0,0,8
rv2_long_thr04_lr1e4_it200,bun.hunter@hard,15,0,0,1,0,0,1,7
rv2_long_thr04_lr1e4_it200,bun.hunter@hard,16,0,1,0,0,0,1,9
rv2_long_thr04_lr1e4_it200,bun.hunter@hard,17,0,0,0,0,0,0,10
rv2_long_thr04_lr1e4_it200,bun.hunter@hard,18,0,0,0,0,0,0,20
rv2_long_thr04_lr1e4_it200,bun.hunter@hard,19,0,0,0,0,0,0,20
rv2_long_thr04_lr1e4_it200,bun.hunter@hard,20,0,0,0,0,0,0,20
rv2_long_thr04_lr1e4_it200,bun.hunter@hard,21,0,0,0,0,0,0,19
rv2_long_thr04_lr1e4_it200,bun.hunter@hard,22,0,0,0,0,0,0,19
rv2_long_thr04_lr1e4_it200,bun.hunter@hard,23,0,0,0,0,0,0,6
rv2_long_thr04_lr1e4_it200,bun.hunter@hard,24,0,0,0,0,0,0,9
rv2_long_thr04_lr1e4_it200,bun.hunter@hard,25,0,0,1,0,0,1,13
rv2_long_thr04_lr1e4_it200,bun.hunter@hard,26,0,0,0,0,0,0,19
rv2_long_thr04_lr1e4_it200,bun.hunter@hard,27,0,0,0,0,0,0,20
rv2_long_thr04_lr1e4_it200,bun.hunter@hard,28,0,0,0,0,0,0,15
rv2_long_thr04_lr1e4_it200,bun.hunter@hard,29,0,0,0,0,0,0,20
rv2_long_thr04_lr1e4_it200,bun.hunter@hard,30,0,1,0,0,0,1,4
rv2_long_thr04_lr1e4_it200,bun.hunter@hard,31,0,0,1,0,0,1,7
rv2_long_thr04_lr1e4_it200,bun.hunter@hard,32,0,0,0,0,0,0,18
rv2_long_thr04_lr1e4_it200,bun.hunter@hard,33,0,0,0,0,0,0,19
rv2_long_thr04_lr1e4_it200,bun.hunter@hard,34,0,0,0,0,0,0,15
rv2_long_thr04_lr1e4_it200,bun.hunter@hard,35,0,0,0,0,0,0,20
rv2_long_thr04_lr1e4_it200,bun.hunter@hard,36,0,0,0,0,0,0,18
rv2_long_thr04_lr1e4_it200,bun.hunter@hard,37,0,0,0,0,0,0,16
rv2_long_thr04_lr1e4_it200,bun.hunter@hard,38,0,0,0,0,0,0,18
rv2_long_thr04_lr1e4_it200,bun.hunter@hard,39,0,0,0,0,0,0,19
rv2_long_thr04_lr1e4_it200,bun.hunter@hard,40,0,0,0,0,0,0,20
rv2_long_thr04_lr1e4_it200,bun.hunter@hard,41,0,0,0,0,0,0,12
rv2_long_thr04_lr1e4_it200,bun.hunter@hard,42,1,0,0,0,1,0,19
rv2_long_thr04_lr1e4_it200,bun.hunter@hard,43,0,0,0,0,0,0,12
rv2_long_thr04_lr1e4_it200,bun.hunter@hard,44,0,0,0,0,0,0,19
rv2_long_thr04_lr1e4_it200,bun.hunter@hard,45,0,0,0,0,0,0,20
rv2_long_thr04_lr1e4_it200,bun.hunter@hard,46,0,0,1,0,0,1,7
rv2_long_thr04_lr1e4_it200,bun.hunter@hard,47,0,0,1,0,0,1,14
rv2_long_thr04_lr1e4_it200,bun.hunter@hard,48,0,0,0,0,0,0,20
rv2_long_thr04_lr1e4_it200,bun.hunter@hard,49,0,0,0,0,0,0,20
rv2_long_thr04_lr1e4_it200,bun.hunter@hard,50,0,0,0,0,0,0,14
rv2_long_thr04_lr1e4_it200,bun.hunter@hard,51,0,0,0,0,0,0,20
rv2_long_thr04_lr1e4_it200,bun.hunter@hard,52,0,0,1,0,0,1,14
rv2_long_thr04_lr1e4_it200,bun.hunter@hard,53,0,0,0,0,0,0,16
rv2_long_thr04_lr1e4_it200,bun.hunter@hard,54,0,0,1,0,0,1,14
rv2_long_thr04_lr1e4_it200,bun.hunter@hard,55,0,0,0,0,0,0,8
rv2_long_thr04_lr1e4_it200,bun.hunter@hard,56,0,0,0,0,0,0,10
rv2_long_thr04_lr1e4_it200,bun.hunter@hard,57,0,0,0,0,0,0,15
rv2_long_thr04_lr1e4_it200,bun.hunter@hard,58,0,0,0,0,0,0,18
rv2_long_thr04_lr1e4_it200,bun.hunter@hard,59,0,0,0,0,0,0,9
rv2_long_thr04_lr1e4_it200,bun.hunter@hard,60,0,1,0,0,0,1,9
rv2_long_thr04_lr1e4_it200,bun.hunter@hard,61,0,0,0,0,0,0,8
rv2_long_thr04_lr1e4_it200,bun.hunter@hard,62,0,0,0,0,0,0,20
rv2_long_thr04_lr1e4_it200,bun.hunter@hard,63,0,0,0,0,0,0,10
rv2_long_thr04_lr1e4_it200,bun.hunter@normal,0,0,0,0,0,0,0,18
rv2_long_thr04_lr1e4_it200,bun.hunter@normal,1,0,0,0,0,0,0,20
rv2_long_thr04_lr1e4_it200,bun.hunter@normal,2,0,0,0,0,0,0,7
rv2_long_thr04_lr1e4_it200,bun.hunter@normal,3,0,0,0,0,0,0,9
rv2_long_thr04_lr1e4_it200,bun.hunter@normal,4,0,0,1,0,0,1,12
rv2_long_thr04_lr1e4_it200,bun.hunter@normal,5,0,0,0,0,0,0,20
rv2_long_thr04_lr1e4_it200,bun.hunter@normal,6,0,0,0,0,0,0,19
rv2_long_thr04_lr1e4_it200,bun.hunter@normal,7,0,0,0,0,0,0,19
rv2_long_thr04_lr1e4_it200,bun.hunter@normal,8,0,1,0,0,0,1,8
rv2_long_thr04_lr1e4_it200,bun.hunter@normal,9,0,0,0,0,0,0,14
rv2_long_thr04_lr1e4_it200,bun.hunter@normal,10,0,0,0,0,0,0,12
rv2_long_thr04_lr1e4_it200,bun.hunter@normal,11,0,0,0,0,0,0,19
rv2_long_thr04_lr1e4_it200,bun.hunter@normal,12,0,0,0,0,0,0,15
rv2_long_thr04_lr1e4_it200,bun.hunter@normal,13,0,0,1,0,0,1,13
rv2_long_thr04_lr1e4_it200,bun.hunter@normal,14,0,0,0,0,0,0,10
rv2_long_thr04_lr1e4_it200,bun.hunter@normal,15,0,0,1,0,0,1,12
rv2_long_thr04_lr1e4_it200,bun.hunter@normal,16,0,0,0,0,0,0,17
rv2_long_thr04_lr1e4_it200,bun.hunter@normal,17,0,0,1,0,0,1,11
rv2_long_thr04_lr1e4_it200,bun.hunter@normal,18,0,0,0,0,0,0,14
rv2_long_thr04_lr1e4_it200,bun.hunter@normal,19,0,0,0,0,0,0,13
rv2_long_thr04_lr1e4_it200,bun.hunter@normal,20,0,0,0,0,0,0,20
rv2_long_thr04_lr1e4_it200,bun.hunter@normal,21,0,0,0,0,0,0,17
rv2_long_thr04_lr1e4_it200,bun.hunter@normal,22,0,0,0,0,0,0,21
rv2_long_thr04_lr1e4_it200,bun.hunter@normal,23,0,0,0,0,0,0,19
rv2_long_thr04_lr1e4_it200,bun.hunter@normal,24,0,0,0,0,0,0,20
rv2_long_thr04_lr1e4_it200,bun.hunter@normal,25,0,0,0,0,0,0,9
rv2_long_thr04_lr1e4_it200,bun.hunter@normal,26,0,0,0,0,0,0,20
rv2_long_thr04_lr1e4_it200,bun.hunter@normal,27,0,0,0,0,0,0,19
rv2_long_thr04_lr1e4_it200,bun.hunter@normal,28,0,0,0,0,0,0,21
rv2_long_thr04_lr1e4_it200,bun.hunter@normal,29,0,0,0,0,0,0,21
rv2_long_thr04_lr1e4_it200,bun.hunter@normal,30,0,0,0,0,0,0,13
rv2_long_thr04_lr1e4_it200,bun.hunter@normal,31,0,0,1,0,0,1,13
rv2_long_thr04_lr1e4_it200,bun.hunter@normal,32,0,0,0,1,0,1,13
rv2_long_thr04_lr1e4_it200,bun.hunter@normal,33,0,1,0,0,0,1,13
rv2_long_thr04_lr1e4_it200,bun.hunter@normal,34,0,0,0,0,0,0,20
rv2_long_thr04_lr1e4_it200,bun.hunter@normal,35,0,0,0,0,0,0,20
rv2_long_thr04_lr1e4_it200,bun.hunter@normal,36,0,0,0,0,0,0,20
rv2_long_thr04_lr1e4_it200,bun.hunter@normal,37,0,0,0,0,0,0,11
rv2_long_thr04_lr1e4_it200,bun.hunter@normal,38,0,0,0,0,0,0,16
rv2_long_thr04_lr1e4_it200,bun.hunter@normal,39,0,0,0,0,0,0,20
rv2_long_thr04_lr1e4_it200,bun.hunter@normal,40,0,0,0,0,0,0,19
rv2_long_thr04_lr1e4_it200,bun.hunter@normal,41,0,1,0,0,0,1,5
rv2_long_thr04_lr1e4_it200,bun.hunter@normal,42,0,1,1,0,0,1,13
rv2_long_thr04_lr1e4_it200,bun.hunter@normal,43,0,0,0,0,0,0,13
rv2_long_thr04_lr1e4_it200,bun.hunter@normal,44,0,0,0,0,0,0,19
rv2_long_thr04_lr1e4_it200,bun.hunter@normal,45,0,0,0,0,0,0,19
rv2_long_thr04_lr1e4_it200,bun.hunter@normal,46,0,0,1,0,0,1,12
rv2_long_thr04_lr1e4_it200,bun.hunter@normal,47,0,0,0,0,0,0,20
rv2_long_thr04_lr1e4_it200,bun.hunter@normal,48,0,0,0,0,0,0,17
rv2_long_thr04_lr1e4_it200,bun.hunter@normal,49,0,0,0,0,0,0,20
rv2_long_thr04_lr1e4_it200,bun.hunter@normal,50,0,0,0,0,0,0,13
rv2_long_thr04_lr1e4_it200,bun.hunter@normal,51,0,0,1,0,0,1,17
rv2_long_thr04_lr1e4_it200,bun.hunter@normal,52,0,0,0,0,0,0,19
rv2_long_thr04_lr1e4_it200,bun.hunter@normal,53,0,0,1,0,0,1,14
rv2_long_thr04_lr1e4_it200,bun.hunter@normal,54,0,0,1,0,0,1,14
rv2_long_thr04_lr1e4_it200,bun.hunter@normal,55,0,0,0,0,0,0,15
rv2_long_thr04_lr1e4_it200,bun.hunter@normal,56,0,0,0,0,0,0,17
rv2_long_thr04_lr1e4_it200,bun.hunter@normal,57,0,0,0,0,0,0,21
rv2_long_thr04_lr1e4_it200,bun.hunter@normal,58,0,0,0,0,0,0,20
rv2_long_thr04_lr1e4_it200,bun.hunter@normal,59,0,0,1,0,0,1,18
rv2_long_thr04_lr1e4_it200,bun.hunter@normal,60,0,0,0,0,0,0,14
rv2_long_thr04_lr1e4_it200,bun.hunter@normal,61,0,0,0,0,0,0,11
rv2_long_thr04_lr1e4_it200,bun.hunter@normal,62,0,0,0,0,0,0,13
rv2_long_thr04_lr1e4_it200,bun.hunter@normal,63,0,0,0,0,0,0,21
rv2_long_thr04_lr1e4_it200,bun.hunter@easy,0,0,0,1,0,0,1,14
rv2_long_thr04_lr1e4_it200,bun.hunter@easy,1,0,0,0,0,0,0,19
rv2_long_thr04_lr1e4_it200,bun.hunter@easy,2,0,0,0,0,0,0,20
rv2_long_thr04_lr1e4_it200,bun.hunter@easy,3,0,0,0,0,0,0,20
rv2_long_thr04_lr1e4_it200,bun.hunter@easy,4,0,0,0,0,0,0,19
rv2_long_thr04_lr1e4_it200,bun.hunter@easy,5,0,0,0,0,0,0,19
rv2_long_thr04_lr1e4_it200,bun.hunter@easy,6,0,0,0,0,0,0,18
rv2_long_thr04_lr1e4_it200,bun.hunter@easy,7,0,0,0,0,0,0,20
rv2_long_thr04_lr1e4_it200,bun.hunter@easy,8,0,0,0,0,0,0,20
rv2_long_thr04_lr1e4_it200,bun.hunter@easy,9,0,0,0,0,0,0,20
rv2_long_thr04_lr1e4_it200,bun.hunter@easy,10,0,0,1,0,0,1,12
rv2_long_thr04_lr1e4_it200,bun.hunter@easy,11,0,0,1,0,0,1,13
rv2_long_thr04_lr1e4_it200,bun.hunter@easy,12,0,0,0,0,0,0,20
rv2_long_thr04_lr1e4_it200,bun.hunter@easy,13,0,0,1,0,0,1,12
rv2_long_thr04_lr1e4_it200,bun.hunter@easy,14,0,0,0,0,0,0,20
rv2_long_thr04_lr1e4_it200,bun.hunter@easy,15,0,0,1,0,0,1,14
rv2_long_thr04_lr1e4_it200,bun.hunter@easy,16,0,0,0,0,0,0,19
rv2_long_thr04_lr1e4_it200,bun.hunter@easy,17,0,0,0,0,0,0,21
rv2_long_thr04_lr1e4_it200,bun.hunter@easy,18,0,0,0,0,0,0,20
rv2_long_thr04_lr1e4_it200,bun.hunter@easy,19,0,0,1,0,0,1,15
rv2_long_thr04_lr1e4_it200,bun.hunter@easy,20,0,0,0,0,0,0,13
rv2_long_thr04_lr1e4_it200,bun.hunter@easy,21,0,0,1,0,0,1,13
rv2_long_thr04_lr1e4_it200,bun.hunter@easy,22,0,0,0,0,0,0,20
rv2_long_thr04_lr1e4_it200,bun.hunter@easy,23,0,0,0,0,0,0,20
rv2_long_thr04_lr1e4_it200,bun.hunter@easy,24,0,0,0,0,0,0,16
rv2_long_thr04_lr1e4_it200,bun.hunter@easy,25,0,1,0,0,0,1,15
rv2_long_thr04_lr1e4_it200,bun.hunter@easy,26,0,0,0,0,0,0,19
rv2_long_thr04_lr1e4_it200,bun.hunter@easy,27,0,0,0,0,0,0,20
rv2_long_thr04_lr1e4_it200,bun.hunter@easy,28,0,0,0,0,0,0,20
rv2_long_thr04_lr1e4_it200,bun.hunter@easy,29,1,0,0,0,1,0,20
rv2_long_thr04_lr1e4_it200,bun.hunter@easy,30,0,0,0,0,0,0,20
rv2_long_thr04_lr1e4_it200,bun.hunter@easy,31,0,0,1,0,0,1,12
rv2_long_thr04_lr1e4_it200,bun.hunter@easy,32,0,0,0,0,0,0,12
rv2_long_thr04_lr1e4_it200,bun.hunter@easy,33,0,0,0,0,0,0,20
rv2_long_thr04_lr1e4_it200,bun.hunter@easy,34,0,0,0,0,0,0,20
rv2_long_thr04_lr1e4_it200,bun.hunter@easy,35,0,1,1,0,0,1,9
rv2_long_thr04_lr1e4_it200,bun.hunter@easy,36,0,0,0,0,0,0,20
rv2_long_thr04_lr1e4_it200,bun.hunter@easy,37,0,0,0,0,0,0,20
rv2_long_thr04_lr1e4_it200,bun.hunter@easy,38,0,0,1,0,0,1,9
rv2_long_thr04_lr1e4_it200,bun.hunter@easy,39,0,0,0,0,0,0,19
rv2_long_thr04_lr1e4_it200,bun.hunter@easy,40,1,0,0,0,1,0,19
rv2_long_thr04_lr1e4_it200,bun.hunter@easy,41,0,0,1,0,0,1,14
rv2_long_thr04_lr1e4_it200,bun.hunter@easy,42,0,0,1,0,0,1,14
rv2_long_thr04_lr1e4_it200,bun.hunter@easy,43,0,1,0,0,0,1,18
rv2_long_thr04_lr1e4_it200,bun.hunter@easy,44,0,0,0,0,0,0,18
rv2_long_thr04_lr1e4_it200,bun.hunter@easy,45,0,0,1,0,0,1,13
rv2_long_thr04_lr1e4_it200,bun.hunter@easy,46,0,0,1,0,0,1,13
rv2_long_thr04_lr1e4_it200,bun.hunter@easy,47,0,0,0,0,0,0,20
rv2_long_thr04_lr1e4_it200,bun.hunter@easy,48,0,0,0,0,0,0,20
rv2_long_thr04_lr1e4_it200,bun.hunter@easy,49,1,0,0,0,1,0,19
rv2_long_thr04_lr1e4_it200,bun.hunter@easy,50,0,0,0,0,0,0,21
rv2_long_thr04_lr1e4_it200,bun.hunter@easy,51,0,0,0,0,0,0,22
rv2_long_thr04_lr1e4_it200,bun.hunter@easy,52,0,0,0,0,0,0,20
rv2_long_thr04_lr1e4_it200,bun.hunter@easy,53,1,0,0,0,1,0,20
rv2_long_thr04_lr1e4_it200,bun.hunter@easy,54,0,0,1,0,0,1,13
rv2_long_thr04_lr1e4_it200,bun.hunter@easy,55,0,0,0,0,0,0,21
rv2_long_thr04_lr1e4_it200,bun.hunter@easy,56,0,0,0,0,0,0,20
rv2_long_thr04_lr1e4_it200,bun.hunter@easy,57,0,0,0,0,0,0,20
rv2_long_thr04_lr1e4_it200,bun.hunter@easy,58,0,0,0,0,0,0,20
rv2_long_thr04_lr1e4_it200,bun.hunter@easy,59,0,0,1,0,0,1,14
rv2_long_thr04_lr1e4_it200,bun.hunter@easy,60,0,0,0,0,0,0,19
rv2_long_thr04_lr1e4_it200,bun.hunter@easy,61,0,0,0,0,0,0,20
rv2_long_thr04_lr1e4_it200,bun.hunter@easy,62,0,0,1,0,0,1,14
rv2_long_thr04_lr1e4_it200,bun.hunter@easy,63,0,0,0,0,0,0,19
dp8_it2500,bun.tactical_v2,0,0,0,0,0,0,0,13
dp8_it2500,bun.tactical_v2,1,1,0,0,0,1,0,18
dp8_it2500,bun.tactical_v2,2,0,0,1,0,0,1,6
dp8_it2500,bun.tactical_v2,3,0,0,0,0,0,0,10
dp8_it2500,bun.tactical_v2,4,0,0,0,1,0,1,13
dp8_it2500,bun.tactical_v2,5,1,0,0,0,1,0,9
dp8_it2500,bun.tactical_v2,6,1,0,0,0,1,0,18
dp8_it2500,bun.tactical_v2,7,0,0,0,0,0,0,12
dp8_it2500,bun.tactical_v2,8,0,0,0,0,0,0,16
dp8_it2500,bun.tactical_v2,9,1,0,0,0,1,0,10
dp8_it2500,bun.tactical_v2,10,1,0,0,0,1,0,11
dp8_it2500,bun.tactical_v2,11,1,0,0,0,1,0,15
dp8_it2500,bun.tactical_v2,12,0,0,0,0,0,0,15
dp8_it2500,bun.tactical_v2,13,0,0,1,0,0,1,48
dp8_it2500,bun.tactical_v2,14,1,0,0,0,1,0,16
dp8_it2500,bun.tactical_v2,15,0,1,0,0,0,1,11
dp8_it2500,bun.tactical_v2,16,1,0,0,0,1,0,15
dp8_it2500,bun.tactical_v2,17,0,0,0,0,0,0,17
dp8_it2500,bun.tactical_v2,18,0,0,0,0,0,0,13
dp8_it2500,bun.tactical_v2,19,0,0,0,0,0,0,14
dp8_it2500,bun.tactical_v2,20,1,0,1,0,0,0,20
dp8_it2500,bun.tactical_v2,21,0,0,0,0,0,0,10
dp8_it2500,bun.tactical_v2,22,0,0,0,0,0,0,10
dp8_it2500,bun.tactical_v2,23,0,0,0,0,0,0,10
dp8_it2500,bun.tactical_v2,24,0,0,0,0,0,0,10
dp8_it2500,bun.tactical_v2,25,0,1,0,0,0,1,16
dp8_it2500,bun.tactical_v2,26,1,0,0,0,1,0,9
dp8_it2500,bun.tactical_v2,27,1,0,0,0,1,0,10
dp8_it2500,bun.tactical_v2,28,0,0,0,0,0,0,14
dp8_it2500,bun.tactical_v2,29,1,0,0,0,1,0,12
dp8_it2500,bun.tactical_v2,30,0,0,0,0,0,0,11
dp8_it2500,bun.tactical_v2,31,0,1,0,0,0,1,11
dp8_it2500,bun.tactical_v2,32,1,0,1,0,0,0,12
dp8_it2500,bun.tactical_v2,33,0,0,0,0,0,0,15
dp8_it2500,bun.tactical_v2,34,0,0,1,0,0,1,16
dp8_it2500,bun.tactical_v2,35,0,0,0,0,0,0,15
dp8_it2500,bun.tactical_v2,36,1,0,0,0,1,0,15
dp8_it2500,bun.tactical_v2,37,1,0,0,0,1,0,13
dp8_it2500,bun.tactical_v2,38,0,0,0,0,0,0,11
dp8_it2500,bun.tactical_v2,39,0,0,1,0,0,1,13
dp8_it2500,bun.tactical_v2,40,0,0,0,0,0,0,11
dp8_it2500,bun.tactical_v2,41,0,0,0,0,0,0,13
dp8_it2500,bun.tactical_v2,42,0,0,0,0,0,0,14
dp8_it2500,bun.tactical_v2,43,0,0,0,0,0,0,12
dp8_it2500,bun.tactical_v2,44,0,0,1,0,0,1,14
dp8_it2500,bun.tactical_v2,45,0,0,0,0,0,0,16
dp8_it2500,bun.tactical_v2,46,0,1,0,0,0,1,11
dp8_it2500,bun.tactical_v2,47,0,0,0,0,0,0,13
dp8_it2500,bun.tactical_v2,48,0,0,0,0,0,0,7
dp8_it2500,bun.tactical_v2,49,0,0,1,0,0,1,5
dp8_it2500,bun.tactical_v2,50,0,0,0,0,0,0,8
dp8_it2500,bun.tactical_v2,51,0,0,1,0,0,1,9
dp8_it2500,bun.tactical_v2,52,0,0,0,0,0,0,15
dp8_it2500,bun.tactical_v2,53,0,0,0,0,0,0,13
dp8_it2500,bun.tactical_v2,54,0,1,0,0,0,1,50
dp8_it2500,bun.tactical_v2,55,0,0,0,0,0,0,11
dp8_it2500,bun.tactical_v2,56,0,0,0,0,0,0,5
dp8_it2500,bun.tactical_v2,57,1,0,0,0,1,0,14
dp8_it2500,bun.tactical_v2,58,0,0,1,0,0,1,17
dp8_it2500,bun.tactical_v2,59,0,0,0,0,0,0,7
dp8_it2500,bun.tactical_v2,60,1,0,0,0,1,0,15
dp8_it2500,bun.tactical_v2,61,0,0,0,0,0,0,6
dp8_it2500,bun.tactical_v2,62,0,0,0,0,0,0,16
dp8_it2500,bun.tactical_v2,63,0,0,0,0,0,0,8
dp8_it2500,bun.hunter@hard,0,0,0,1,0,0,1,13
dp8_it2500,bun.hunter@hard,1,0,0,0,0,0,0,10
dp8_it2500,bun.hunter@hard,2,0,0,1,0,0,1,7
dp8_it2500,bun.hunter@hard,3,0,0,0,0,0,0,7
dp8_it2500,bun.hunter@hard,4,0,0,1,0,0,1,10
dp8_it2500,bun.hunter@hard,5,0,0,1,0,0,1,9
dp8_it2500,bun.hunter@hard,6,0,0,0,0,0,0,10
dp8_it2500,bun.hunter@hard,7,0,0,0,0,0,0,5
dp8_it2500,bun.hunter@hard,8,0,0,0,0,0,0,12
dp8_it2500,bun.hunter@hard,9,0,0,0,0,0,0,16
dp8_it2500,bun.hunter@hard,10,0,0,0,0,0,0,15
dp8_it2500,bun.hunter@hard,11,0,0,0,0,0,0,16
dp8_it2500,bun.hunter@hard,12,0,0,0,0,0,0,8
dp8_it2500,bun.hunter@hard,13,0,0,0,0,0,0,13
dp8_it2500,bun.hunter@hard,14,0,0,0,0,0,0,3
dp8_it2500,bun.hunter@hard,15,0,0,0,0,0,0,15
dp8_it2500,bun.hunter@hard,16,0,0,0,0,0,0,8
dp8_it2500,bun.hunter@hard,17,0,0,0,0,0,0,4
dp8_it2500,bun.hunter@hard,18,0,0,1,0,0,1,7
dp8_it2500,bun.hunter@hard,19,0,0,0,0,0,0,14
dp8_it2500,bun.hunter@hard,20,0,0,0,0,0,0,14
dp8_it2500,bun.hunter@hard,21,0,0,1,0,0,1,9
dp8_it2500,bun.hunter@hard,22,0,0,0,0,0,0,12
dp8_it2500,bun.hunter@hard,23,0,0,0,0,0,0,2
dp8_it2500,bun.hunter@hard,24,0,0,1,0,0,1,11
dp8_it2500,bun.hunter@hard,25,0,0,0,0,0,0,2
dp8_it2500,bun.hunter@hard,26,0,0,1,0,0,1,9
dp8_it2500,bun.hunter@hard,27,0,0,0,0,0,0,16
dp8_it2500,bun.hunter@hard,28,0,0,0,0,0,0,8
dp8_it2500,bun.hunter@hard,29,0,0,0,0,0,0,14
dp8_it2500,bun.hunter@hard,30,0,0,0,0,0,0,3
dp8_it2500,bun.hunter@hard,31,0,0,0,0,0,0,15
dp8_it2500,bun.hunter@hard,32,0,1,0,0,0,1,10
dp8_it2500,bun.hunter@hard,33,0,0,0,1,0,1,7
dp8_it2500,bun.hunter@hard,34,0,0,1,0,0,1,10
dp8_it2500,bun.hunter@hard,35,0,0,0,0,0,0,13
dp8_it2500,bun.hunter@hard,36,0,0,0,0,0,0,16
dp8_it2500,bun.hunter@hard,37,0,0,0,0,0,0,3
dp8_it2500,bun.hunter@hard,38,0,0,0,0,0,0,5
dp8_it2500,bun.hunter@hard,39,0,0,0,0,0,0,12
dp8_it2500,bun.hunter@hard,40,0,0,1,0,0,1,13
dp8_it2500,bun.hunter@hard,41,0,0,0,0,0,0,2
dp8_it2500,bun.hunter@hard,42,0,0,0,0,0,0,11
dp8_it2500,bun.hunter@hard,43,0,0,0,0,0,0,5
dp8_it2500,bun.hunter@hard,44,0,0,0,0,0,0,12
dp8_it2500,bun.hunter@hard,45,0,0,0,0,0,0,15
dp8_it2500,bun.hunter@hard,46,0,0,0,0,0,0,15
dp8_it2500,bun.hunter@hard,47,0,0,1,0,0,1,13
dp8_it2500,bun.hunter@hard,48,0,0,0,0,0,0,15
dp8_it2500,bun.hunter@hard,49,0,0,1,0,0,1,8
dp8_it2500,bun.hunter@hard,50,0,1,0,0,0,1,6
dp8_it2500,bun.hunter@hard,51,0,0,0,0,0,0,12
dp8_it2500,bun.hunter@hard,52,0,0,1,0,0,1,9
dp8_it2500,bun.hunter@hard,53,0,0,0,0,0,0,10
dp8_it2500,bun.hunter@hard,54,0,0,0,0,0,0,14
dp8_it2500,bun.hunter@hard,55,0,0,0,0,0,0,4
dp8_it2500,bun.hunter@hard,56,0,0,1,0,0,1,8
dp8_it2500,bun.hunter@hard,57,0,0,1,0,0,1,10
dp8_it2500,bun.hunter@hard,58,0,0,0,0,0,0,9
dp8_it2500,bun.hunter@hard,59,0,0,0,0,0,0,3
dp8_it2500,bun.hunter@hard,60,0,0,0,0,0,0,8
dp8_it2500,bun.hunter@hard,61,0,0,0,0,0,0,3
dp8_it2500,bun.hunter@hard,62,0,0,0,0,0,0,15
dp8_it2500,bun.hunter@hard,63,0,0,1,0,0,1,15
dp8_it2500,bun.hunter@normal,0,0,0,0,0,0,0,11
dp8_it2500,bun.hunter@normal,1,0,1,0,0,0,1,12
dp8_it2500,bun.hunter@normal,2,0,0,0,0,0,0,6
dp8_it2500,bun.hunter@normal,3,0,0,0,0,0,0,10
dp8_it2500,bun.hunter@normal,4,0,0,1,0,0,1,8
dp8_it2500,bun.hunter@normal,5,0,0,0,0,0,0,8
dp8_it2500,bun.hunter@normal,6,0,1,0,0,0,1,12
dp8_it2500,bun.hunter@normal,7,0,0,0,0,0,0,16
dp8_it2500,bun.hunter@normal,8,0,0,0,0,0,0,12
dp8_it2500,bun.hunter@normal,9,0,0,0,0,0,0,14
dp8_it2500,bun.hunter@normal,10,0,0,0,0,0,0,12
dp8_it2500,bun.hunter@normal,11,0,0,0,0,0,0,14
dp8_it2500,bun.hunter@normal,12,0,0,0,0,0,0,13
dp8_it2500,bun.hunter@normal,13,0,1,0,0,0,1,8
dp8_it2500,bun.hunter@normal,14,0,0,0,0,0,0,12
dp8_it2500,bun.hunter@normal,15,0,0,0,0,0,0,12
dp8_it2500,bun.hunter@normal,16,0,0,0,0,0,0,10
dp8_it2500,bun.hunter@normal,17,0,0,0,0,0,0,5
dp8_it2500,bun.hunter@normal,18,0,0,0,0,0,0,8
dp8_it2500,bun.hunter@normal,19,0,0,0,0,0,0,14
dp8_it2500,bun.hunter@normal,20,0,1,1,0,0,1,5
dp8_it2500,bun.hunter@normal,21,0,0,1,0,0,1,10
dp8_it2500,bun.hunter@normal,22,0,1,0,0,0,1,12
dp8_it2500,bun.hunter@normal,23,0,0,0,0,0,0,10
dp8_it2500,bun.hunter@normal,24,0,0,0,0,0,0,4
dp8_it2500,bun.hunter@normal,25,0,0,0,0,0,0,14
dp8_it2500,bun.hunter@normal,26,0,0,0,0,0,0,12
dp8_it2500,bun.hunter@normal,27,0,0,0,0,0,0,14
dp8_it2500,bun.hunter@normal,28,0,0,0,0,0,0,10
dp8_it2500,bun.hunter@normal,29,0,0,0,0,0,0,11
dp8_it2500,bun.hunter@normal,30,0,0,0,0,0,0,11
dp8_it2500,bun.hunter@normal,31,0,0,0,0,0,0,11
dp8_it2500,bun.hunter@normal,32,0,0,0,0,0,0,16
dp8_it2500,bun.hunter@normal,33,0,0,1,0,0,1,11
dp8_it2500,bun.hunter@normal,34,0,0,0,0,0,0,17
dp8_it2500,bun.hunter@normal,35,0,0,1,0,0,1,12
dp8_it2500,bun.hunter@normal,36,0,0,0,0,0,0,14
dp8_it2500,bun.hunter@normal,37,0,0,1,0,0,1,6
dp8_it2500,bun.hunter@normal,38,0,0,0,0,0,0,12
dp8_it2500,bun.hunter@normal,39,1,0,0,0,1,0,9
dp8_it2500,bun.hunter@normal,40,0,0,0,0,0,0,9
dp8_it2500,bun.hunter@normal,41,0,0,1,0,0,1,6
dp8_it2500,bun.hunter@normal,42,0,0,1,0,0,1,14
dp8_it2500,bun.hunter@normal,43,0,0,0,0,0,0,8
dp8_it2500,bun.hunter@normal,44,0,0,1,0,0,1,12
dp8_it2500,bun.hunter@normal,45,0,0,0,0,0,0,11
dp8_it2500,bun.hunter@normal,46,0,0,0,0,0,0,12
dp8_it2500,bun.hunter@normal,47,1,0,0,0,1,0,8
dp8_it2500,bun.hunter@normal,48,0,0,0,0,0,0,16
dp8_it2500,bun.hunter@normal,49,0,0,0,0,0,0,13
dp8_it2500,bun.hunter@normal,50,0,0,0,0,0,0,12
dp8_it2500,bun.hunter@normal,51,0,1,0,0,0,1,10
dp8_it2500,bun.hunter@normal,52,0,0,0,0,0,0,11
dp8_it2500,bun.hunter@normal,53,0,0,0,0,0,0,9
dp8_it2500,bun.hunter@normal,54,0,0,0,0,0,0,13
dp8_it2500,bun.hunter@normal,55,0,0,0,0,0,0,12
dp8_it2500,bun.hunter@normal,56,0,0,0,0,0,0,12
dp8_it2500,bun.hunter@normal,57,0,0,0,0,0,0,12
dp8_it2500,bun.hunter@normal,58,0,0,0,0,0,0,11
dp8_it2500,bun.hunter@normal,59,0,0,0,0,0,0,6
dp8_it2500,bun.hunter@normal,60,0,0,0,0,0,0,9
dp8_it2500,bun.hunter@normal,61,0,1,0,0,0,1,10
dp8_it2500,bun.hunter@normal,62,0,0,0,0,0,0,12
dp8_it2500,bun.hunter@normal,63,0,0,0,0,0,0,13
dp8_it2500,bun.hunter@easy,0,1,0,0,0,1,0,14
dp8_it2500,bun.hunter@easy,1,1,0,0,0,1,0,16
dp8_it2500,bun.hunter@easy,2,0,0,0,0,0,0,7
dp8_it2500,bun.hunter@easy,3,1,0,0,0,1,0,14
dp8_it2500,bun.hunter@easy,4,0,0,0,0,0,0,15
dp8_it2500,bun.hunter@easy,5,0,1,0,0,0,1,11
dp8_it2500,bun.hunter@easy,6,0,0,0,0,0,0,17
dp8_it2500,bun.hunter@easy,7,1,0,0,0,1,0,15
dp8_it2500,bun.hunter@easy,8,0,0,0,0,0,0,12
dp8_it2500,bun.hunter@easy,9,0,0,0,0,0,0,16
dp8_it2500,bun.hunter@easy,10,1,0,0,0,1,0,15
dp8_it2500,bun.hunter@easy,11,1,0,1,0,0,0,11
dp8_it2500,bun.hunter@easy,12,1,0,1,0,0,0,11
dp8_it2500,bun.hunter@easy,13,0,0,0,0,0,0,13
dp8_it2500,bun.hunter@easy,14,0,0,0,0,0,0,13
dp8_it2500,bun.hunter@easy,15,1,0,0,0,1,0,16
dp8_it2500,bun.hunter@easy,16,0,0,0,0,0,0,6
dp8_it2500,bun.hunter@easy,17,1,0,0,0,1,0,12
dp8_it2500,bun.hunter@easy,18,0,0,0,0,0,0,16
dp8_it2500,bun.hunter@easy,19,0,0,1,0,0,1,10
dp8_it2500,bun.hunter@easy,20,0,0,0,0,0,0,16
dp8_it2500,bun.hunter@easy,21,0,0,0,0,0,0,9
dp8_it2500,bun.hunter@easy,22,0,0,0,0,0,0,17
dp8_it2500,bun.hunter@easy,23,1,0,0,0,1,0,12
dp8_it2500,bun.hunter@easy,24,0,0,0,0,0,0,15
dp8_it2500,bun.hunter@easy,25,0,0,0,0,0,0,14
dp8_it2500,bun.hunter@easy,26,1,0,0,0,1,0,13
dp8_it2500,bun.hunter@easy,27,0,0,0,0,0,0,14
dp8_it2500,bun.hunter@easy,28,1,0,0,0,1,0,8
dp8_it2500,bun.hunter@easy,29,0,0,1,0,0,1,13
dp8_it2500,bun.hunter@easy,30,1,0,0,0,1,0,15
dp8_it2500,bun.hunter@easy,31,0,0,0,0,0,0,14
dp8_it2500,bun.hunter@easy,32,0,0,1,0,0,1,15
dp8_it2500,bun.hunter@easy,33,1,0,1,0,0,0,13
dp8_it2500,bun.hunter@easy,34,1,0,0,0,1,0,15
dp8_it2500,bun.hunter@easy,35,1,0,1,0,0,0,12
dp8_it2500,bun.hunter@easy,36,0,1,1,0,0,1,7
dp8_it2500,bun.hunter@easy,37,0,0,0,0,0,0,6
dp8_it2500,bun.hunter@easy,38,0,0,0,0,0,0,8
dp8_it2500,bun.hunter@easy,39,0,0,0,0,0,0,12
dp8_it2500,bun.hunter@easy,40,0,1,0,0,0,1,14
dp8_it2500,bun.hunter@easy,41,0,0,0,0,0,0,16
dp8_it2500,bun.hunter@easy,42,0,0,0,0,0,0,14
dp8_it2500,bun.hunter@easy,43,0,1,0,0,0,1,9
dp8_it2500,bun.hunter@easy,44,1,0,0,0,1,0,12
dp8_it2500,bun.hunter@easy,45,1,0,0,0,1,0,16
dp8_it2500,bun.hunter@easy,46,0,0,0,0,0,0,11
dp8_it2500,bun.hunter@easy,47,0,0,0,0,0,0,13
dp8_it2500,bun.hunter@easy,48,0,0,0,0,0,0,10
dp8_it2500,bun.hunter@easy,49,0,0,1,0,0,1,10
dp8_it2500,bun.hunter@easy,50,1,0,0,0,1,0,6
dp8_it2500,bun.hunter@easy,51,0,0,0,0,0,0,13
dp8_it2500,bun.hunter@easy,52,0,0,0,0,0,0,8
dp8_it2500,bun.hunter@easy,53,0,0,1,0,0,1,9
dp8_it2500,bun.hunter@easy,54,0,0,0,0,0,0,14
dp8_it2500,bun.hunter@easy,55,0,0,0,0,0,0,13
dp8_it2500,bun.hunter@easy,56,0,0,0,0,0,0,15
dp8_it2500,bun.hunter@easy,57,0,0,1,0,0,1,12
dp8_it2500,bun.hunter@easy,58,0,0,1,0,0,1,14
dp8_it2500,bun.hunter@easy,59,0,0,0,0,0,0,14
dp8_it2500,bun.hunter@easy,60,1,0,0,0,1,0,15
dp8_it2500,bun.hunter@easy,61,0,0,0,0,0,0,10
dp8_it2500,bun.hunter@easy,62,1,0,0,0,1,0,16
dp8_it2500,bun.hunter@easy,63,1,0,0,0,1,0,14
dp8_it8000,bun.tactical_v2,0,0,0,0,0,0,0,18
dp8_it8000,bun.tactical_v2,1,0,1,0,0,0,1,47
dp8_it8000,bun.tactical_v2,2,0,0,0,0,0,0,12
dp8_it8000,bun.tactical_v2,3,1,0,0,0,1,0,15
dp8_it8000,bun.tactical_v2,4,0,0,0,0,0,0,19
dp8_it8000,bun.tactical_v2,5,0,0,0,0,0,0,15
dp8_it8000,bun.tactical_v2,6,0,1,0,0,0,1,47
dp8_it8000,bun.tactical_v2,7,0,1,0,0,0,1,76
dp8_it8000,bun.tactical_v2,8,0,1,0,0,0,1,30
dp8_it8000,bun.tactical_v2,9,0,0,0,0,0,0,18
dp8_it8000,bun.tactical_v2,10,1,0,0,0,1,0,15
dp8_it8000,bun.tactical_v2,11,0,0,0,0,0,0,11
dp8_it8000,bun.tactical_v2,12,0,0,0,0,0,0,16
dp8_it8000,bun.tactical_v2,13,0,0,0,0,0,0,20
dp8_it8000,bun.tactical_v2,14,0,0,0,0,0,0,18
dp8_it8000,bun.tactical_v2,15,0,1,0,0,0,1,87
dp8_it8000,bun.tactical_v2,16,0,0,0,0,0,0,15
dp8_it8000,bun.tactical_v2,17,0,0,1,1,0,1,104
dp8_it8000,bun.tactical_v2,18,0,0,0,0,0,0,13
dp8_it8000,bun.tactical_v2,19,0,0,0,0,0,0,15
dp8_it8000,bun.tactical_v2,20,0,0,1,0,0,1,84
dp8_it8000,bun.tactical_v2,21,0,0,0,0,0,0,16
dp8_it8000,bun.tactical_v2,22,0,0,0,0,0,0,18
dp8_it8000,bun.tactical_v2,23,0,0,0,0,0,0,18
dp8_it8000,bun.tactical_v2,24,1,0,0,0,1,0,14
dp8_it8000,bun.tactical_v2,25,1,0,0,0,1,0,16
dp8_it8000,bun.tactical_v2,26,0,0,0,0,0,0,15
dp8_it8000,bun.tactical_v2,27,0,0,0,0,0,0,18
dp8_it8000,bun.tactical_v2,28,0,0,0,0,0,0,16
dp8_it8000,bun.tactical_v2,29,0,0,0,0,0,0,11
dp8_it8000,bun.tactical_v2,30,0,0,0,0,0,0,15
dp8_it8000,bun.tactical_v2,31,0,1,0,0,0,1,87
dp8_it8000,bun.tactical_v2,32,0,0,0,0,0,0,14
dp8_it8000,bun.tactical_v2,33,0,1,0,0,0,1,26
dp8_it8000,bun.tactical_v2,34,0,0,0,0,0,0,16
dp8_it8000,bun.tactical_v2,35,0,0,0,0,0,0,16
dp8_it8000,bun.tactical_v2,36,0,0,0,0,0,0,11
dp8_it8000,bun.tactical_v2,37,1,0,0,0,1,0,17
dp8_it8000,bun.tactical_v2,38,0,0,0,0,0,0,20
dp8_it8000,bun.tactical_v2,39,0,0,0,0,0,0,12
dp8_it8000,bun.tactical_v2,40,0,0,0,0,0,0,11
dp8_it8000,bun.tactical_v2,41,0,1,0,0,0,1,81
dp8_it8000,bun.tactical_v2,42,0,0,0,0,0,0,16
dp8_it8000,bun.tactical_v2,43,0,1,0,0,0,1,76
dp8_it8000,bun.tactical_v2,44,0,1,0,0,0,1,36
dp8_it8000,bun.tactical_v2,45,0,0,0,0,0,0,12
dp8_it8000,bun.tactical_v2,46,0,1,0,0,0,1,87
dp8_it8000,bun.tactical_v2,47,0,0,0,0,0,0,18
dp8_it8000,bun.tactical_v2,48,0,1,0,0,0,1,32
dp8_it8000,bun.tactical_v2,49,0,0,1,0,0,1,40
dp8_it8000,bun.tactical_v2,50,0,0,0,0,0,0,16
dp8_it8000,bun.tactical_v2,51,0,0,0,0,0,0,12
dp8_it8000,bun.tactical_v2,52,0,0,0,0,0,0,37
dp8_it8000,bun.tactical_v2,53,1,0,0,0,1,0,17
dp8_it8000,bun.tactical_v2,54,0,0,0,0,0,0,14
dp8_it8000,bun.tactical_v2,55,0,1,0,0,0,1,48
dp8_it8000,bun.tactical_v2,56,0,0,0,0,0,0,16
dp8_it8000,bun.tactical_v2,57,1,0,0,0,1,0,12
dp8_it8000,bun.tactical_v2,58,0,0,0,0,0,0,19
dp8_it8000,bun.tactical_v2,59,0,0,0,0,0,0,16
dp8_it8000,bun.tactical_v2,60,0,0,0,0,0,0,15
dp8_it8000,bun.tactical_v2,61,0,0,0,0,0,0,6
dp8_it8000,bun.tactical_v2,62,0,0,0,0,0,0,12
dp8_it8000,bun.tactical_v2,63,0,0,0,0,0,0,14
dp8_it8000,bun.hunter@hard,0,0,0,1,0,0,1,12
dp8_it8000,bun.hunter@hard,1,0,0,0,0,0,0,14
dp8_it8000,bun.hunter@hard,2,0,0,0,0,0,0,17
dp8_it8000,bun.hunter@hard,3,0,0,1,0,0,1,8
dp8_it8000,bun.hunter@hard,4,0,0,1,0,0,1,11
dp8_it8000,bun.hunter@hard,5,0,0,1,0,0,1,10
dp8_it8000,bun.hunter@hard,6,0,0,0,0,0,0,14
dp8_it8000,bun.hunter@hard,7,0,0,0,0,0,0,12
dp8_it8000,bun.hunter@hard,8,0,0,1,0,0,1,5
dp8_it8000,bun.hunter@hard,9,0,1,0,0,0,1,15
dp8_it8000,bun.hunter@hard,10,0,0,0,0,0,0,10
dp8_it8000,bun.hunter@hard,11,0,0,0,0,0,0,17
dp8_it8000,bun.hunter@hard,12,0,1,0,0,0,1,14
dp8_it8000,bun.hunter@hard,13,0,0,1,0,0,1,13
dp8_it8000,bun.hunter@hard,14,0,0,0,0,0,0,3
dp8_it8000,bun.hunter@hard,15,0,1,0,0,0,1,11
dp8_it8000,bun.hunter@hard,16,0,0,0,0,0,0,11
dp8_it8000,bun.hunter@hard,17,0,0,0,0,0,0,16
dp8_it8000,bun.hunter@hard,18,0,0,0,0,0,0,4
dp8_it8000,bun.hunter@hard,19,0,0,0,0,0,0,13
dp8_it8000,bun.hunter@hard,20,0,0,0,0,0,0,17
dp8_it8000,bun.hunter@hard,21,0,0,0,0,0,0,18
dp8_it8000,bun.hunter@hard,22,0,0,0,0,0,0,17
dp8_it8000,bun.hunter@hard,23,0,0,0,0,0,0,16
dp8_it8000,bun.hunter@hard,24,0,0,0,0,0,0,7
dp8_it8000,bun.hunter@hard,25,0,0,1,0,0,1,9
dp8_it8000,bun.hunter@hard,26,0,0,1,0,0,1,10
dp8_it8000,bun.hunter@hard,27,0,1,0,0,0,1,15
dp8_it8000,bun.hunter@hard,28,0,0,1,0,0,1,11
dp8_it8000,bun.hunter@hard,29,0,1,0,0,0,1,11
dp8_it8000,bun.hunter@hard,30,0,0,1,0,0,1,8
dp8_it8000,bun.hunter@hard,31,0,1,0,0,0,1,11
dp8_it8000,bun.hunter@hard,32,0,0,1,0,0,1,12
dp8_it8000,bun.hunter@hard,33,0,0,0,0,0,0,17
dp8_it8000,bun.hunter@hard,34,0,1,0,0,0,1,11
dp8_it8000,bun.hunter@hard,35,0,0,0,0,0,0,17
dp8_it8000,bun.hunter@hard,36,0,0,0,0,0,0,17
dp8_it8000,bun.hunter@hard,37,0,0,1,0,0,1,11
dp8_it8000,bun.hunter@hard,38,0,0,0,0,0,0,16
dp8_it8000,bun.hunter@hard,39,0,0,0,0,0,0,17
dp8_it8000,bun.hunter@hard,40,0,0,1,0,0,1,4
dp8_it8000,bun.hunter@hard,41,0,0,0,0,0,0,14
dp8_it8000,bun.hunter@hard,42,0,0,0,0,0,0,16
dp8_it8000,bun.hunter@hard,43,0,0,0,0,0,0,12
dp8_it8000,bun.hunter@hard,44,0,0,0,1,0,1,9
dp8_it8000,bun.hunter@hard,45,0,0,1,0,0,1,11
dp8_it8000,bun.hunter@hard,46,0,1,0,0,0,1,11
dp8_it8000,bun.hunter@hard,47,0,0,1,0,0,1,12
dp8_it8000,bun.hunter@hard,48,0,0,0,0,0,0,8
dp8_it8000,bun.hunter@hard,49,0,1,0,0,0,1,14
dp8_it8000,bun.hunter@hard,50,0,0,0,0,0,0,16
dp8_it8000,bun.hunter@hard,51,0,0,0,1,0,1,9
dp8_it8000,bun.hunter@hard,52,0,0,0,1,0,1,9
dp8_it8000,bun.hunter@hard,53,0,0,1,0,0,1,10
dp8_it8000,bun.hunter@hard,54,0,0,0,0,0,0,16
dp8_it8000,bun.hunter@hard,55,0,0,1,0,0,1,10
dp8_it8000,bun.hunter@hard,56,0,0,0,0,0,0,3
dp8_it8000,bun.hunter@hard,57,0,0,0,0,0,0,4
dp8_it8000,bun.hunter@hard,58,0,0,1,0,0,1,8
dp8_it8000,bun.hunter@hard,59,0,0,1,0,0,1,17
dp8_it8000,bun.hunter@hard,60,0,0,0,0,0,0,11
dp8_it8000,bun.hunter@hard,61,0,0,1,0,0,1,11
dp8_it8000,bun.hunter@hard,62,0,0,1,0,0,1,11
dp8_it8000,bun.hunter@hard,63,0,0,1,0,0,1,8
dp8_it8000,bun.hunter@normal,0,0,0,1,0,0,1,10
dp8_it8000,bun.hunter@normal,1,0,0,0,0,0,0,18
dp8_it8000,bun.hunter@normal,2,0,0,0,0,0,0,17
dp8_it8000,bun.hunter@normal,3,0,0,1,0,0,1,11
dp8_it8000,bun.hunter@normal,4,0,0,0,0,0,0,15
dp8_it8000,bun.hunter@normal,5,0,0,0,0,0,0,14
dp8_it8000,bun.hunter@normal,6,0,0,0,0,0,0,17
dp8_it8000,bun.hunter@normal,7,0,0,1,0,0,1,10
dp8_it8000,bun.hunter@normal,8,0,1,0,0,0,1,7
dp8_it8000,bun.hunter@normal,9,0,1,0,0,0,1,12
dp8_it8000,bun.hunter@normal,10,0,0,1,0,0,1,10
dp8_it8000,bun.hunter@normal,11,0,0,0,0,0,0,12
dp8_it8000,bun.hunter@normal,12,0,0,0,0,0,0,15
dp8_it8000,bun.hunter@normal,13,0,0,0,0,0,0,15
dp8_it8000,bun.hunter@normal,14,0,0,1,0,0,1,12
dp8_it8000,bun.hunter@normal,15,0,0,1,0,0,1,6
dp8_it8000,bun.hunter@normal,16,0,0,0,0,0,0,14
dp8_it8000,bun.hunter@normal,17,0,1,0,0,0,1,11
dp8_it8000,bun.hunter@normal,18,0,0,1,0,0,1,10
dp8_it8000,bun.hunter@normal,19,0,0,0,0,0,0,17
dp8_it8000,bun.hunter@normal,20,0,0,1,0,0,1,9
dp8_it8000,bun.hunter@normal,21,0,0,1,0,0,1,12
dp8_it8000,bun.hunter@normal,22,0,0,0,0,0,0,19
dp8_it8000,bun.hunter@normal,23,0,0,0,0,0,0,15
dp8_it8000,bun.hunter@normal,24,0,0,0,0,0,0,18
dp8_it8000,bun.hunter@normal,25,0,1,0,0,0,1,13
dp8_it8000,bun.hunter@normal,26,0,0,0,0,0,0,15
dp8_it8000,bun.hunter@normal,27,0,1,0,0,0,1,12
dp8_it8000,bun.hunter@normal,28,0,0,0,0,0,0,12
dp8_it8000,bun.hunter@normal,29,0,0,0,0,0,0,16
dp8_it8000,bun.hunter@normal,30,0,0,0,0,0,0,18
dp8_it8000,bun.hunter@normal,31,0,0,0,0,0,0,17
dp8_it8000,bun.hunter@normal,32,0,0,0,0,0,0,12
dp8_it8000,bun.hunter@normal,33,0,0,1,0,0,1,17
dp8_it8000,bun.hunter@normal,34,0,0,0,0,0,0,10
dp8_it8000,bun.hunter@normal,35,0,0,0,0,0,0,16
dp8_it8000,bun.hunter@normal,36,0,0,0,0,0,0,17
dp8_it8000,bun.hunter@normal,37,0,0,1,0,0,1,7
dp8_it8000,bun.hunter@normal,38,0,0,0,0,0,0,14
dp8_it8000,bun.hunter@normal,39,0,0,1,0,0,1,12
dp8_it8000,bun.hunter@normal,40,0,0,0,0,0,0,16
dp8_it8000,bun.hunter@normal,41,0,0,1,0,0,1,12
dp8_it8000,bun.hunter@normal,42,0,0,0,0,0,0,18
dp8_it8000,bun.hunter@normal,43,0,1,0,0,0,1,11
dp8_it8000,bun.hunter@normal,44,0,0,1,0,0,1,10
dp8_it8000,bun.hunter@normal,45,0,0,0,0,0,0,19
dp8_it8000,bun.hunter@normal,46,0,0,0,0,0,0,11
dp8_it8000,bun.hunter@normal,47,0,0,0,0,0,0,16
dp8_it8000,bun.hunter@normal,48,0,1,0,0,0,1,11
dp8_it8000,bun.hunter@normal,49,0,0,0,0,0,0,12
dp8_it8000,bun.hunter@normal,50,0,1,1,0,0,1,10
dp8_it8000,bun.hunter@normal,51,0,0,0,0,0,0,18
dp8_it8000,bun.hunter@normal,52,0,0,0,0,0,0,17
dp8_it8000,bun.hunter@normal,53,0,0,0,0,0,0,17
dp8_it8000,bun.hunter@normal,54,0,0,0,0,0,0,19
dp8_it8000,bun.hunter@normal,55,0,0,1,0,0,1,13
dp8_it8000,bun.hunter@normal,56,0,1,0,0,0,1,9
dp8_it8000,bun.hunter@normal,57,0,0,0,0,0,0,17
dp8_it8000,bun.hunter@normal,58,0,0,0,0,0,0,15
dp8_it8000,bun.hunter@normal,59,0,1,0,0,0,1,12
dp8_it8000,bun.hunter@normal,60,0,0,0,0,0,0,14
dp8_it8000,bun.hunter@normal,61,0,0,1,0,0,1,10
dp8_it8000,bun.hunter@normal,62,0,0,0,0,0,0,18
dp8_it8000,bun.hunter@normal,63,0,0,0,0,0,0,19
dp8_it8000,bun.hunter@easy,0,1,0,0,0,1,0,18
dp8_it8000,bun.hunter@easy,1,0,0,1,0,0,1,10
dp8_it8000,bun.hunter@easy,2,0,0,0,0,0,0,12
dp8_it8000,bun.hunter@easy,3,0,0,0,0,0,0,19
dp8_it8000,bun.hunter@easy,4,0,0,0,0,0,0,14
dp8_it8000,bun.hunter@easy,5,0,1,0,0,0,1,14
dp8_it8000,bun.hunter@easy,6,0,0,0,0,0,0,11
dp8_it8000,bun.hunter@easy,7,0,0,0,0,0,0,10
dp8_it8000,bun.hunter@easy,8,1,0,0,0,1,0,9
dp8_it8000,bun.hunter@easy,9,0,0,0,0,0,0,17
dp8_it8000,bun.hunter@easy,10,1,0,1,0,0,0,13
dp8_it8000,bun.hunter@easy,11,0,0,0,0,0,0,12
dp8_it8000,bun.hunter@easy,12,0,0,0,0,0,0,18
dp8_it8000,bun.hunter@easy,13,1,0,0,0,1,0,14
dp8_it8000,bun.hunter@easy,14,0,0,0,0,0,0,18
dp8_it8000,bun.hunter@easy,15,0,0,1,0,0,1,14
dp8_it8000,bun.hunter@easy,16,0,1,0,0,0,1,13
dp8_it8000,bun.hunter@easy,17,0,0,0,0,0,0,14
dp8_it8000,bun.hunter@easy,18,0,0,0,0,0,0,20
dp8_it8000,bun.hunter@easy,19,0,0,0,0,0,0,16
dp8_it8000,bun.hunter@easy,20,0,0,1,0,0,1,15
dp8_it8000,bun.hunter@easy,21,0,0,0,0,0,0,17
dp8_it8000,bun.hunter@easy,22,0,1,0,0,0,1,13
dp8_it8000,bun.hunter@easy,23,0,0,1,0,0,1,17
dp8_it8000,bun.hunter@easy,24,0,0,1,0,0,1,11
dp8_it8000,bun.hunter@easy,25,0,0,1,0,0,1,10
dp8_it8000,bun.hunter@easy,26,0,0,0,0,0,0,16
dp8_it8000,bun.hunter@easy,27,0,0,0,0,0,0,14
dp8_it8000,bun.hunter@easy,28,0,0,0,0,0,0,18
dp8_it8000,bun.hunter@easy,29,0,0,0,0,0,0,11
dp8_it8000,bun.hunter@easy,30,0,0,0,0,0,0,19
dp8_it8000,bun.hunter@easy,31,0,0,0,0,0,0,16
dp8_it8000,bun.hunter@easy,32,0,0,1,0,0,1,12
dp8_it8000,bun.hunter@easy,33,0,0,0,0,0,0,16
dp8_it8000,bun.hunter@easy,34,0,0,1,0,0,1,11
dp8_it8000,bun.hunter@easy,35,0,1,0,0,0,1,12
dp8_it8000,bun.hunter@easy,36,0,1,0,0,0,1,13
dp8_it8000,bun.hunter@easy,37,0,0,0,0,0,0,16
dp8_it8000,bun.hunter@easy,38,0,0,0,0,0,0,17
dp8_it8000,bun.hunter@easy,39,0,0,1,0,0,1,13
dp8_it8000,bun.hunter@easy,40,0,0,0,0,0,0,18
dp8_it8000,bun.hunter@easy,41,0,0,0,1,0,1,13
dp8_it8000,bun.hunter@easy,42,0,0,1,0,0,1,7
dp8_it8000,bun.hunter@easy,43,0,0,1,0,0,1,10
dp8_it8000,bun.hunter@easy,44,0,0,0,0,0,0,15
dp8_it8000,bun.hunter@easy,45,0,0,0,0,0,0,17
dp8_it8000,bun.hunter@easy,46,1,0,0,0,1,0,17
dp8_it8000,bun.hunter@easy,47,0,0,0,0,0,0,13
dp8_it8000,bun.hunter@easy,48,0,0,0,0,0,0,17
dp8_it8000,bun.hunter@easy,49,1,1,0,0,0,0,14
dp8_it8000,bun.hunter@easy,50,0,0,0,0,0,0,18
dp8_it8000,bun.hunter@easy,51,0,0,0,0,0,0,17
dp8_it8000,bun.hunter@easy,52,0,0,0,0,0,0,16
dp8_it8000,bun.hunter@easy,53,0,0,1,0,0,1,12
dp8_it8000,bun.hunter@easy,54,0,0,0,0,0,0,19
dp8_it8000,bun.hunter@easy,55,0,0,0,0,0,0,17
dp8_it8000,bun.hunter@easy,56,0,0,0,0,0,0,16
dp8_it8000,bun.hunter@easy,57,0,0,0,0,0,0,16
dp8_it8000,bun.hunter@easy,58,0,0,1,0,0,1,8
dp8_it8000,bun.hunter@easy,59,0,0,1,0,0,1,11
dp8_it8000,bun.hunter@easy,60,0,0,0,0,0,0,17
dp8_it8000,bun.hunter@easy,61,0,0,1,0,0,1,12
dp8_it8000,bun.hunter@easy,62,0,0,0,0,0,0,17
dp8_it8000,bun.hunter@easy,63,1,0,0,0,1,0,14
dp8_it12000,bun.tactical_v2,0,0,0,0,0,0,0,12
dp8_it12000,bun.tactical_v2,1,0,1,0,0,0,1,67
dp8_it12000,bun.tactical_v2,2,0,0,0,0,0,0,94
dp8_it12000,bun.tactical_v2,3,0,0,0,0,0,0,7
dp8_it12000,bun.tactical_v2,4,0,1,0,0,0,1,108
dp8_it12000,bun.tactical_v2,5,0,0,0,0,0,0,15
dp8_it12000,bun.tactical_v2,6,0,1,0,0,0,1,67
dp8_it12000,bun.tactical_v2,7,0,1,0,0,0,1,101
dp8_it12000,bun.tactical_v2,8,0,0,0,0,0,0,8
dp8_it12000,bun.tactical_v2,9,1,0,0,0,1,0,18
dp8_it12000,bun.tactical_v2,10,0,0,1,0,0,1,59
dp8_it12000,bun.tactical_v2,11,1,0,0,0,1,0,14
dp8_it12000,bun.tactical_v2,12,0,1,0,0,0,1,79
dp8_it12000,bun.tactical_v2,13,1,0,0,0,1,0,13
dp8_it12000,bun.tactical_v2,14,1,0,0,0,1,0,10
dp8_it12000,bun.tactical_v2,15,0,0,1,0,0,1,110
dp8_it12000,bun.tactical_v2,16,0,1,0,0,0,1,82
dp8_it12000,bun.tactical_v2,17,0,1,0,0,0,1,92
dp8_it12000,bun.tactical_v2,18,0,1,0,0,0,1,103
dp8_it12000,bun.tactical_v2,19,0,0,0,0,0,0,84
dp8_it12000,bun.tactical_v2,20,0,0,0,0,0,0,91
dp8_it12000,bun.tactical_v2,21,0,0,1,0,0,1,111
dp8_it12000,bun.tactical_v2,22,0,0,0,0,0,0,14
dp8_it12000,bun.tactical_v2,23,0,0,0,0,0,0,2
dp8_it12000,bun.tactical_v2,24,0,0,0,0,0,0,7
dp8_it12000,bun.tactical_v2,25,0,0,0,0,0,0,4
dp8_it12000,bun.tactical_v2,26,0,0,0,0,0,0,15
dp8_it12000,bun.tactical_v2,27,1,0,0,0,1,0,18
dp8_it12000,bun.tactical_v2,28,0,0,1,0,0,1,70
dp8_it12000,bun.tactical_v2,29,0,0,0,0,0,0,5
dp8_it12000,bun.tactical_v2,30,0,0,1,0,0,1,49
dp8_it12000,bun.tactical_v2,31,0,0,1,0,0,1,110
dp8_it12000,bun.tactical_v2,32,0,0,0,0,0,0,9
dp8_it12000,bun.tactical_v2,33,0,0,1,0,0,1,80
dp8_it12000,bun.tactical_v2,34,0,0,1,0,0,1,92
dp8_it12000,bun.tactical_v2,35,0,1,0,0,0,1,67
dp8_it12000,bun.tactical_v2,36,1,0,0,0,1,0,14
dp8_it12000,bun.tactical_v2,37,0,0,0,0,0,0,10
dp8_it12000,bun.tactical_v2,38,0,0,0,0,0,0,14
dp8_it12000,bun.tactical_v2,39,1,0,0,0,1,0,10
dp8_it12000,bun.tactical_v2,40,0,0,1,0,0,1,76
dp8_it12000,bun.tactical_v2,41,1,0,0,0,1,0,12
dp8_it12000,bun.tactical_v2,42,1,0,0,0,1,0,10
dp8_it12000,bun.tactical_v2,43,0,1,0,0,0,1,101
dp8_it12000,bun.tactical_v2,44,0,1,0,0,0,1,89
dp8_it12000,bun.tactical_v2,45,0,0,0,0,0,0,12
dp8_it12000,bun.tactical_v2,46,0,0,1,0,0,1,110
dp8_it12000,bun.tactical_v2,47,0,0,0,0,0,0,12
dp8_it12000,bun.tactical_v2,48,0,0,1,0,0,1,46
dp8_it12000,bun.tactical_v2,49,0,0,1,0,0,1,82
dp8_it12000,bun.tactical_v2,50,0,0,0,0,0,0,14
dp8_it12000,bun.tactical_v2,51,0,0,0,0,0,0,18
dp8_it12000,bun.tactical_v2,52,0,1,0,0,0,1,90
dp8_it12000,bun.tactical_v2,53,0,0,0,1,0,1,71
dp8_it12000,bun.tactical_v2,54,1,0,0,0,1,0,10
dp8_it12000,bun.tactical_v2,55,0,0,1,0,0,1,56
dp8_it12000,bun.tactical_v2,56,0,0,0,0,0,0,4
dp8_it12000,bun.tactical_v2,57,0,0,0,0,0,0,14
dp8_it12000,bun.tactical_v2,58,1,0,0,0,1,0,11
dp8_it12000,bun.tactical_v2,59,0,0,0,0,0,0,74
dp8_it12000,bun.tactical_v2,60,0,1,0,0,0,1,82
dp8_it12000,bun.tactical_v2,61,1,1,1,0,0,0,137
dp8_it12000,bun.tactical_v2,62,0,0,0,0,0,0,12
dp8_it12000,bun.tactical_v2,63,0,1,0,0,0,1,59
dp8_it12000,bun.hunter@hard,0,0,0,0,0,0,0,15
dp8_it12000,bun.hunter@hard,1,0,0,0,0,0,0,18
dp8_it12000,bun.hunter@hard,2,0,0,0,0,0,0,9
dp8_it12000,bun.hunter@hard,3,0,0,0,0,0,0,13
dp8_it12000,bun.hunter@hard,4,0,1,0,0,0,1,4
dp8_it12000,bun.hunter@hard,5,0,0,0,0,0,0,14
dp8_it12000,bun.hunter@hard,6,0,0,0,0,0,0,18
dp8_it12000,bun.hunter@hard,7,0,0,1,0,0,1,10
dp8_it12000,bun.hunter@hard,8,0,0,0,0,0,0,11
dp8_it12000,bun.hunter@hard,9,0,1,0,0,0,1,11
dp8_it12000,bun.hunter@hard,10,0,0,0,0,0,0,11
dp8_it12000,bun.hunter@hard,11,0,0,0,0,0,0,14
dp8_it12000,bun.hunter@hard,12,0,0,1,0,0,1,10
dp8_it12000,bun.hunter@hard,13,0,1,0,0,0,1,12
dp8_it12000,bun.hunter@hard,14,0,0,0,0,0,0,16
dp8_it12000,bun.hunter@hard,15,0,0,0,0,0,0,11
dp8_it12000,bun.hunter@hard,16,0,0,0,0,0,0,10
dp8_it12000,bun.hunter@hard,17,0,0,0,0,0,0,8
dp8_it12000,bun.hunter@hard,18,0,0,0,0,0,0,11
dp8_it12000,bun.hunter@hard,19,0,0,0,0,0,0,13
dp8_it12000,bun.hunter@hard,20,0,0,0,0,0,0,12
dp8_it12000,bun.hunter@hard,21,0,0,1,0,0,1,11
dp8_it12000,bun.hunter@hard,22,0,0,1,0,0,1,9
dp8_it12000,bun.hunter@hard,23,0,0,1,0,0,1,12
dp8_it12000,bun.hunter@hard,24,0,0,0,0,0,0,11
dp8_it12000,bun.hunter@hard,25,0,0,0,0,0,0,12
dp8_it12000,bun.hunter@hard,26,0,0,0,0,0,0,14
dp8_it12000,bun.hunter@hard,27,0,1,0,0,0,1,11
dp8_it12000,bun.hunter@hard,28,0,1,0,0,0,1,12
dp8_it12000,bun.hunter@hard,29,0,1,0,0,0,1,14
dp8_it12000,bun.hunter@hard,30,0,0,1,0,0,1,12
dp8_it12000,bun.hunter@hard,31,0,0,0,0,0,0,11
dp8_it12000,bun.hunter@hard,32,0,0,0,0,0,0,10
dp8_it12000,bun.hunter@hard,33,0,0,0,0,0,0,17
dp8_it12000,bun.hunter@hard,34,0,0,0,0,0,0,11
dp8_it12000,bun.hunter@hard,35,0,0,0,0,0,0,18
dp8_it12000,bun.hunter@hard,36,0,0,0,0,0,0,14
dp8_it12000,bun.hunter@hard,37,0,0,0,0,0,0,7
dp8_it12000,bun.hunter@hard,38,0,0,0,0,0,0,16
dp8_it12000,bun.hunter@hard,39,0,0,0,0,0,0,17
dp8_it12000,bun.hunter@hard,40,0,0,1,0,0,1,11
dp8_it12000,bun.hunter@hard,41,0,0,1,0,0,1,11
dp8_it12000,bun.hunter@hard,42,0,1,0,0,0,1,9
dp8_it12000,bun.hunter@hard,43,0,0,1,0,0,1,10
dp8_it12000,bun.hunter@hard,44,0,0,0,0,0,0,15
dp8_it12000,bun.hunter@hard,45,0,0,0,0,0,0,17
dp8_it12000,bun.hunter@hard,46,0,0,0,0,0,0,11
dp8_it12000,bun.hunter@hard,47,0,0,0,0,0,0,15
dp8_it12000,bun.hunter@hard,48,0,0,0,0,0,0,8
dp8_it12000,bun.hunter@hard,49,0,0,1,0,0,1,12
dp8_it12000,bun.hunter@hard,50,0,0,0,0,0,0,10
dp8_it12000,bun.hunter@hard,51,0,0,0,0,0,0,15
dp8_it12000,bun.hunter@hard,52,0,0,1,0,0,1,10
dp8_it12000,bun.hunter@hard,53,0,0,1,0,0,1,6
dp8_it12000,bun.hunter@hard,54,0,0,0,0,0,0,8
dp8_it12000,bun.hunter@hard,55,0,0,0,0,0,0,13
dp8_it12000,bun.hunter@hard,56,0,0,1,0,0,1,6
dp8_it12000,bun.hunter@hard,57,0,1,1,0,0,1,8
dp8_it12000,bun.hunter@hard,58,0,0,0,0,0,0,16
dp8_it12000,bun.hunter@hard,59,0,0,0,0,0,0,12
dp8_it12000,bun.hunter@hard,60,0,0,0,0,0,0,10
dp8_it12000,bun.hunter@hard,61,0,1,0,0,0,1,4
dp8_it12000,bun.hunter@hard,62,0,0,0,0,0,0,17
dp8_it12000,bun.hunter@hard,63,0,0,1,0,0,1,12
dp8_it12000,bun.hunter@normal,0,0,0,0,0,0,0,13
dp8_it12000,bun.hunter@normal,1,0,0,0,0,0,0,11
dp8_it12000,bun.hunter@normal,2,0,0,0,0,0,0,9
dp8_it12000,bun.hunter@normal,3,0,0,1,0,0,1,2
dp8_it12000,bun.hunter@normal,4,0,0,1,0,0,1,10
dp8_it12000,bun.hunter@normal,5,0,0,0,0,0,0,10
dp8_it12000,bun.hunter@normal,6,0,0,0,0,0,0,10
dp8_it12000,bun.hunter@normal,7,0,0,0,0,0,0,15
dp8_it12000,bun.hunter@normal,8,0,0,0,0,0,0,16
dp8_it12000,bun.hunter@normal,9,0,0,1,0,0,1,12
dp8_it12000,bun.hunter@normal,10,0,0,1,0,0,1,9
dp8_it12000,bun.hunter@normal,11,0,0,1,0,0,1,11
dp8_it12000,bun.hunter@normal,12,0,1,0,0,0,1,8
dp8_it12000,bun.hunter@normal,13,0,1,0,0,0,1,12
dp8_it12000,bun.hunter@normal,14,0,1,0,0,0,1,13
dp8_it12000,bun.hunter@normal,15,0,0,0,0,0,0,11
dp8_it12000,bun.hunter@normal,16,0,0,0,0,0,0,14
dp8_it12000,bun.hunter@normal,17,0,0,1,0,0,1,12
dp8_it12000,bun.hunter@normal,18,0,0,1,0,0,1,10
dp8_it12000,bun.hunter@normal,19,0,0,0,0,0,0,17
dp8_it12000,bun.hunter@normal,20,0,1,0,0,0,1,12
dp8_it12000,bun.hunter@normal,21,0,0,0,0,0,0,14
dp8_it12000,bun.hunter@normal,22,0,0,0,0,0,0,16
dp8_it12000,bun.hunter@normal,23,0,0,0,0,0,0,17
dp8_it12000,bun.hunter@normal,24,0,0,0,0,0,0,17
dp8_it12000,bun.hunter@normal,25,0,0,0,1,0,1,11
dp8_it12000,bun.hunter@normal,26,0,0,0,0,0,0,10
dp8_it12000,bun.hunter@normal,27,0,0,1,0,0,1,12
dp8_it12000,bun.hunter@normal,28,0,0,0,0,0,0,9
dp8_it12000,bun.hunter@normal,29,1,0,0,0,1,0,14
dp8_it12000,bun.hunter@normal,30,0,0,0,0,0,0,12
dp8_it12000,bun.hunter@normal,31,0,0,0,0,0,0,9
dp8_it12000,bun.hunter@normal,32,0,0,0,0,0,0,10
dp8_it12000,bun.hunter@normal,33,0,0,1,0,0,1,10
dp8_it12000,bun.hunter@normal,34,0,0,0,0,0,0,13
dp8_it12000,bun.hunter@normal,35,0,1,0,0,0,1,11
dp8_it12000,bun.hunter@normal,36,0,0,0,0,0,0,19
dp8_it12000,bun.hunter@normal,37,0,1,0,0,0,1,8
dp8_it12000,bun.hunter@normal,38,0,0,0,0,0,0,18
dp8_it12000,bun.hunter@normal,39,0,0,0,0,0,0,12
dp8_it12000,bun.hunter@normal,40,0,0,0,0,0,0,15
dp8_it12000,bun.hunter@normal,41,0,0,1,0,0,1,13
dp8_it12000,bun.hunter@normal,42,0,1,0,0,0,1,11
dp8_it12000,bun.hunter@normal,43,0,0,0,0,0,0,15
dp8_it12000,bun.hunter@normal,44,0,0,0,0,0,0,12
dp8_it12000,bun.hunter@normal,45,0,0,0,0,0,0,12
dp8_it12000,bun.hunter@normal,46,0,0,0,0,0,0,12
dp8_it12000,bun.hunter@normal,47,0,0,1,0,0,1,12
dp8_it12000,bun.hunter@normal,48,0,0,0,0,0,0,11
dp8_it12000,bun.hunter@normal,49,0,0,0,0,0,0,17
dp8_it12000,bun.hunter@normal,50,0,0,0,0,0,0,10
dp8_it12000,bun.hunter@normal,51,0,1,0,0,0,1,12
dp8_it12000,bun.hunter@normal,52,0,1,0,0,0,1,14
dp8_it12000,bun.hunter@normal,53,0,0,1,0,0,1,13
dp8_it12000,bun.hunter@normal,54,0,0,0,0,0,0,8
dp8_it12000,bun.hunter@normal,55,0,1,1,0,0,1,4
dp8_it12000,bun.hunter@normal,56,0,1,0,0,0,1,7
dp8_it12000,bun.hunter@normal,57,0,0,1,0,0,1,12
dp8_it12000,bun.hunter@normal,58,0,0,0,0,0,0,17
dp8_it12000,bun.hunter@normal,59,0,1,0,0,0,1,7
dp8_it12000,bun.hunter@normal,60,0,0,1,0,0,1,13
dp8_it12000,bun.hunter@normal,61,0,0,1,0,0,1,10
dp8_it12000,bun.hunter@normal,62,0,1,0,0,0,1,13
dp8_it12000,bun.hunter@normal,63,0,0,0,0,0,0,10
dp8_it12000,bun.hunter@easy,0,0,0,0,0,0,0,15
dp8_it12000,bun.hunter@easy,1,0,0,1,0,0,1,4
dp8_it12000,bun.hunter@easy,2,0,1,0,0,0,1,13
dp8_it12000,bun.hunter@easy,3,0,0,1,0,0,1,14
dp8_it12000,bun.hunter@easy,4,0,0,1,0,0,1,8
dp8_it12000,bun.hunter@easy,5,0,1,0,0,0,1,13
dp8_it12000,bun.hunter@easy,6,1,0,0,0,1,0,14
dp8_it12000,bun.hunter@easy,7,0,0,0,0,0,0,16
dp8_it12000,bun.hunter@easy,8,0,0,0,0,0,0,9
dp8_it12000,bun.hunter@easy,9,0,1,0,0,0,1,12
dp8_it12000,bun.hunter@easy,10,0,0,1,0,0,1,6
dp8_it12000,bun.hunter@easy,11,0,0,1,0,0,1,12
dp8_it12000,bun.hunter@easy,12,0,0,0,0,0,0,15
dp8_it12000,bun.hunter@easy,13,0,0,0,0,0,0,15
dp8_it12000,bun.hunter@easy,14,0,0,0,0,0,0,14
dp8_it12000,bun.hunter@easy,15,0,0,0,0,0,0,14
dp8_it12000,bun.hunter@easy,16,0,0,0,0,0,0,19
dp8_it12000,bun.hunter@easy,17,0,1,0,0,0,1,11
dp8_it12000,bun.hunter@easy,18,0,0,0,0,0,0,16
dp8_it12000,bun.hunter@easy,19,0,0,0,0,0,0,11
dp8_it12000,bun.hunter@easy,20,1,0,0,0,1,0,13
dp8_it12000,bun.hunter@easy,21,0,0,0,0,0,0,16
dp8_it12000,bun.hunter@easy,22,0,0,1,0,0,1,11
dp8_it12000,bun.hunter@easy,23,0,0,0,0,0,0,10
dp8_it12000,bun.hunter@easy,24,0,0,0,0,0,0,14
dp8_it12000,bun.hunter@easy,25,0,0,0,0,0,0,17
dp8_it12000,bun.hunter@easy,26,0,0,0,0,0,0,15
dp8_it12000,bun.hunter@easy,27,1,0,0,0,1,0,15
dp8_it12000,bun.hunter@easy,28,0,0,0,0,0,0,9
dp8_it12000,bun.hunter@easy,29,0,0,0,0,0,0,17
dp8_it12000,bun.hunter@easy,30,0,0,1,0,0,1,12
dp8_it12000,bun.hunter@easy,31,0,0,0,0,0,0,14
dp8_it12000,bun.hunter@easy,32,0,0,0,0,0,0,14
dp8_it12000,bun.hunter@easy,33,0,0,0,0,0,0,17
dp8_it12000,bun.hunter@easy,34,0,1,1,0,0,1,5
dp8_it12000,bun.hunter@easy,35,0,0,0,0,0,0,12
dp8_it12000,bun.hunter@easy,36,0,0,0,0,0,0,17
dp8_it12000,bun.hunter@easy,37,0,0,0,0,0,0,18
dp8_it12000,bun.hunter@easy,38,0,0,0,0,0,0,14
dp8_it12000,bun.hunter@easy,39,0,0,0,0,0,0,17
dp8_it12000,bun.hunter@easy,40,0,0,0,0,0,0,14
dp8_it12000,bun.hunter@easy,41,0,0,1,0,0,1,12
dp8_it12000,bun.hunter@easy,42,1,0,1,0,0,0,10
dp8_it12000,bun.hunter@easy,43,0,0,0,0,0,0,16
dp8_it12000,bun.hunter@easy,44,0,0,1,0,0,1,5
dp8_it12000,bun.hunter@easy,45,0,0,1,0,0,1,8
dp8_it12000,bun.hunter@easy,46,0,0,0,0,0,0,11
dp8_it12000,bun.hunter@easy,47,0,0,0,0,0,0,19
dp8_it12000,bun.hunter@easy,48,0,0,1,0,0,1,7
dp8_it12000,bun.hunter@easy,49,0,1,0,0,0,1,14
dp8_it12000,bun.hunter@easy,50,0,0,1,0,0,1,7
dp8_it12000,bun.hunter@easy,51,0,0,0,0,0,0,20
dp8_it12000,bun.hunter@easy,52,0,0,1,0,0,1,8
dp8_it12000,bun.hunter@easy,53,1,0,0,0,1,0,17
dp8_it12000,bun.hunter@easy,54,0,0,0,0,0,0,15
dp8_it12000,bun.hunter@easy,55,0,0,1,0,0,1,4
dp8_it12000,bun.hunter@easy,56,1,0,0,0,1,0,10
dp8_it12000,bun.hunter@easy,57,0,0,0,0,0,0,17
dp8_it12000,bun.hunter@easy,58,0,0,0,0,0,0,15
dp8_it12000,bun.hunter@easy,59,0,0,0,0,0,0,11
dp8_it12000,bun.hunter@easy,60,0,0,0,0,0,0,19
dp8_it12000,bun.hunter@easy,61,0,1,0,0,0,1,9
dp8_it12000,bun.hunter@easy,62,0,0,0,0,0,0,16
dp8_it12000,bun.hunter@easy,63,0,0,0,0,0,0,14
